manifest_tier,anchor_name,signal,tier_consensus,effect_direction,lag_lo,lag_hi,consensus_lag,recommended_weight,replication_score,replicated_high_confidence,manifest_ready_positive,n_anchor_events__train,n_anchor_events__val,replicated_support_core,alignment_label__train,alignment_label__val,peak_lag_sec__train,peak_lag_sec__val,lag_agreement_abs_diff,delta_immediate_med__train,delta_immediate_med__val,delta_delayed_med__train,delta_delayed_med__val,sharpness_med__train,sharpness_med__val,z_immediate_vs_null__train,z_immediate_vs_null__val,z_sharpness_vs_null__train,z_sharpness_vs_null__val,coverage_modality_near__train,coverage_modality_near__val,replicated_gain_core,replicated_gain_hmean,replicated_z_immediate_core,replicated_z_sharpness_core,replicated_coverage_core
A,multipurpose_sensor_pid_006,zigbee__bytes_total,zigbee,positive,0.0,1.0,0.0,0.9676619715272502,7.414760500025434,1,1,686,141.0,141.0,event_locked_positive,event_locked_positive,0,0.0,0.0,41.68333333333331,40.5,-28.093333333333334,-30.166666666666657,61.46000000000001,64.24000000000001,12.787585935172292,6.555169711747533,18.836064070064925,10.637100361996499,0.9364096926826937,0.9154749447738635,40.5,41.083147434597436,6.555169711747533,10.637100361996499,0.9154749447738635
A,multipurpose_sensor_pid_006,zigbee__pkt_total,zigbee,positive,0.0,1.0,0.0,1.0,7.573336026022096,1,1,686,141.0,141.0,event_locked_positive,event_locked_positive,0,0.0,0.0,1.5999999999999996,2.0,-0.9233333333333333,-1.1600000000000001,2.6,2.846666666666666,11.99461081664099,7.882156636998746,18.157175587301204,10.571268096182207,0.9364096926826937,0.9154749447738635,1.5999999999999996,1.7777777777777775,7.882156636998746,10.571268096182207,0.9154749447738635
A,motion_sensor_pid_062,zigbee__pkt_total,zigbee,positive,0.0,2.0,1.0,0.46949313348615923,4.97189712033361,1,1,5164,1452.0,1452.0,event_locked_positive,event_locked_positive,1,1.0,0.0,0.7666666666666666,0.6833333333333331,-0.05999999999999961,-0.043333333333333446,0.6400000000000006,0.6866666666666656,7.786074159656592,6.2107912291517575,8.670146204955229,5.4698794274719535,0.9315659483689098,0.9223343720363094,0.6833333333333331,0.7226053639846742,6.2107912291517575,5.4698794274719535,0.9223343720363094
A,multipurpose_sensor_pid_003,zigbee__pkt_total,zigbee,positive,0.0,1.0,0.0,0.34325693663232526,4.35287449399189,1,1,319,110.0,110.0,event_locked_positive,event_locked_positive,0,0.0,0.0,0.5333333333333332,0.19999999999999973,-0.3466666666666667,-0.75,0.8866666666666667,0.5733333333333337,5.451557429084649,4.66814207351205,6.58093634763251,5.8816377333629255,0.918906418623773,0.8314456035767511,0.19999999999999973,0.2909090909090906,4.66814207351205,5.8816377333629255,0.8314456035767511
A,motion_sensor_pid_138,zigbee__pkt_total,zigbee,positive,0.0,1.0,0.0,0.05,2.914834663647017,1,1,688,148.0,148.0,event_locked_positive,event_locked_positive,0,0.0,0.0,0.39999999999999947,0.6999999999999996,0.21666666666666679,0.03333333333333344,0.3099999999999996,0.656666666666667,3.8029287723051888,3.3432256051317415,4.331756857744757,3.3889766115464917,0.9124809378574152,0.8688524590163935,0.39999999999999947,0.5090909090909085,3.3432256051317415,3.3889766115464917,0.8688524590163935
reject,motion_sensor_pid_008,zigbee__pkt_total,zigbee,positive,,,-1.0,,6.303162247947004,0,0,2218,400.0,400.0,pre_leading_or_shifted,pre_leading_or_shifted,-1,-1.0,0.0,1.4333333333333331,0.43333333333333357,-0.06666666666666643,-0.6600000000000001,1.6266666666666665,0.8833333333333333,20.207150076770102,6.495593779898459,19.152114315095712,8.999335964879021,0.9169241230469038,0.8818852459016394,0.43333333333333357,0.6654761904761908,6.495593779898459,8.999335964879021,0.8818852459016394
reject,door_window_sensor_pid_136,zigbee__pkt_total,zigbee,positive,,,0.0,,1.766471101524204,0,0,111,63.0,63.0,weak_or_unclear,weak_or_unclear,0,0.0,0.0,0.7666666666666666,0.6000000000000005,0.5266666666666664,0.45333333333333314,0.026666666666667282,0.6466666666666674,3.344264605159575,2.358535827106099,1.2944599463999933,3.80448335226956,0.9078422684980062,0.9430132708821234,0.6000000000000005,0.6731707317073173,2.358535827106099,1.2944599463999933,0.9078422684980062
reject,vibration_sensor_pid_079,zigbee__pkt_total,zigbee,mixed_or_nonpositive,,,-0.0,,0.5654742045063093,0,0,489,156.0,156.0,delayed_broad_response,delayed_broad_response,-1,0.0,1.0,-0.40000000000000036,-0.2333333333333334,-0.11333333333333329,-0.1566666666666665,-0.3200000000000003,-0.07000000000000028,0.05707301455353326,0.6664889599684094,1.872304144884498,1.952263302838108,0.9224244862382246,0.9262295081967213,-0.40000000000000036,,0.05707301455353326,1.872304144884498,0.9224244862382246
reject,motion_sensor_pid_008,zigbee__bytes_total,zigbee,mixed_or_nonpositive,,,-1.0,,2.894572288781746,0,0,2218,400.0,400.0,pre_leading_or_shifted,weak_or_unclear,-1,-1.0,0.0,19.16666666666667,-5.216666666666669,-2.8066666666666578,-18.61999999999999,26.546666666666653,12.24666666666667,6.946046308739272,1.7231487174608044,9.224787394737762,5.550795190697304,0.9169241230469038,0.8818852459016394,-5.216666666666669,,1.7231487174608044,5.550795190697304,0.8818852459016394
reject,door_window_sensor_pid_136,zigbee__bytes_total,zigbee,positive,,,0.0,,1.3811814184985054,0,0,111,63.0,63.0,event_locked_positive,delayed_broad_response,0,0.0,0.0,16.899999999999977,2.0,8.01333333333335,4.366666666666646,3.5066666666666606,6.240000000000009,3.709909553148322,1.1723114810565032,2.0056806181806093,1.4493741572093182,0.9078422684980062,0.9430132708821234,2.0,3.5767195767195763,1.1723114810565032,1.4493741572093182,0.9078422684980062
reject,motion_sensor_pid_075,zigbee__pkt_total,zigbee,mixed_or_nonpositive,,,-1.0,,-0.4426267460887481,0,0,385,130.0,130.0,event_locked_positive,delayed_broad_response,1,-3.0,4.0,0.2999999999999998,-0.10000000000000009,0.1733333333333329,0.05666666666666709,0.3466666666666667,-0.34999999999999964,3.285187804484175,0.7910725525396275,4.98677871750523,0.6266357412280913,0.9277411113476688,0.9103404791929384,-0.10000000000000009,,0.7910725525396275,0.6266357412280913,0.9103404791929384
reject,multipurpose_sensor_pid_003,zigbee__bytes_total,zigbee,positive,,,0.0,,2.8361934353144735,0,0,319,110.0,110.0,event_locked_positive,weak_or_unclear,0,0.0,0.0,10.899999999999977,8.316666666666677,-17.52000000000001,-15.153333333333336,22.546666666666653,14.393333333333345,3.089847343995495,2.066429768660241,8.480157742992517,4.014971948748758,0.918906418623773,0.8314456035767511,8.316666666666677,9.434692107545532,2.066429768660241,4.014971948748758,0.8314456035767511
reject,motion_sensor_pid_075,zigbee__bytes_total,zigbee,positive,,,-0.0,,0.3348939425128761,0,0,385,130.0,130.0,weak_or_unclear,broad_neighborhood_not_sharp,2,-3.0,5.0,7.400000000000006,4.56666666666667,0.0,0.9166666666666572,9.620000000000005,-1.6933333333333351,2.755793311564877,2.2647198945771656,3.7761742279133865,1.0748069414324966,0.9277411113476688,0.9103404791929384,4.56666666666667,5.647910863509754,2.2647198945771656,1.0748069414324966,0.9103404791929384
reject,motion_sensor_pid_138,zigbee__bytes_total,zigbee,positive,,,0.0,,2.403606875387867,0,0,688,148.0,148.0,weak_or_unclear,event_locked_positive,0,0.0,0.0,5.883333333333326,13.799999999999997,0.5433333333333366,0.20000000000001705,3.863333333333358,11.966666666666654,2.3730501141477918,3.4167035621472235,2.4931382217349776,3.307395669557838,0.9124809378574152,0.8688524590163935,5.883333333333326,8.249618966977131,2.3730501141477918,2.4931382217349776,0.8688524590163935
reject,motion_sensor_pid_062,zigbee__bytes_total,zigbee,positive,,,1.0,,2.217445156670857,0,0,5164,1452.0,1452.0,weak_or_unclear,event_locked_positive,1,1.0,0.0,10.11666666666666,7.450000000000003,-0.826666666666668,-0.9766666666666737,8.810000000000002,7.576666666666682,2.2882080815752066,3.882396730708724,1.9518847981411136,4.2150252399586465,0.9315659483689098,0.9223343720363094,7.450000000000003,8.580929791271346,2.2882080815752066,1.9518847981411136,0.9223343720363094
reject,door_window_sensor_pid_007,zigbee__pkt_total,zigbee,mixed_or_nonpositive,,,24.0,,-29.222328326389224,0,0,51,,51.0,delayed_broad_response,,24,,,-0.09999999999999964,,0.3200000000000003,,-0.13333333333333375,,0.3123060624868713,,0.4410375207095835,,0.9138540662166507,,-0.09999999999999964,,0.3123060624868713,0.4410375207095835,0.9138540662166507
reject,door_window_sensor_pid_007,zigbee__bytes_total,zigbee,mixed_or_nonpositive,,,24.0,,-29.414073898639852,0,0,51,,51.0,delayed_broad_response,,24,,,-8.033333333333331,,10.066666666666663,,-7.033333333333331,,0.03471608658029938,,0.2500944261590916,,0.9138540662166507,,-8.033333333333331,,0.03471608658029938,0.2500944261590916,0.9138540662166507
reject,vibration_sensor_pid_078,zigbee__bytes_total,zigbee,mixed_or_nonpositive,,,0.0,,-7.759292935182992,0,0,128,44.0,44.0,delayed_broad_response,weak_or_unclear,14,-13.0,27.0,-9.583333333333343,-5.883333333333326,-2.7466666666666555,-16.349999999999994,-1.3966666666666612,9.296666666666653,-0.19999767686697562,0.16945091975952978,0.7064242666476284,1.4887038809334274,0.9529969262295083,0.9172876304023845,-9.583333333333343,,-0.19999767686697562,0.7064242666476284,0.9172876304023845
reject,vibration_sensor_pid_078,zigbee__pkt_total,zigbee,mixed_or_nonpositive,,,0.0,,-8.169946790442589,0,0,128,44.0,44.0,delayed_broad_response,weak_or_unclear,14,-13.0,27.0,-0.5666666666666669,0.2333333333333334,-0.07333333333333325,-0.3733333333333331,-0.3566666666666669,0.35666666666666713,-0.7122446501883114,1.3252744660461229,0.19173078874763927,2.1502473536439277,0.9529969262295083,0.9172876304023845,-0.5666666666666669,,-0.7122446501883114,0.19173078874763927,0.9172876304023845
reject,vibration_sensor_pid_079,zigbee__bytes_total,zigbee,mixed_or_nonpositive,,,-0.0,,-0.9148104086900701,0,0,489,156.0,156.0,delayed_broad_response,weak_or_unclear,-1,0.0,1.0,-13.666666666666657,3.1000000000000014,-0.7800000000000011,-3.030000000000001,-13.04000000000002,-2.7733333333333263,-0.9572663061657699,1.3755842737784738,-1.052929909037482,0.9967414315647868,0.9224244862382246,0.9262295081967213,-13.666666666666657,,-0.9572663061657699,-1.052929909037482,0.9224244862382246
reject,coffee_maker_local_control,zigbee__bytes_total,zigbee,mixed_or_nonpositive,,,-19.0,,-30.258161792018292,0,0,92,,92.0,delayed_broad_response,,-19,,,-19.55000000000001,,-14.916666666666671,,-19.30666666666665,,-1.0079646768808648,,-0.8454790661906713,,0.9566999287241625,,-19.55000000000001,,-1.0079646768808648,-0.8454790661906713,0.9566999287241625
reject,coffee_maker_local_control,zigbee__pkt_total,zigbee,mixed_or_nonpositive,,,-19.0,,-29.874061397645526,0,0,92,,92.0,delayed_broad_response,,-19,,,-0.9833333333333334,,-0.6466666666666674,,-0.4466666666666659,,-1.1641801559561187,,0.4527991051139803,,0.9566999287241625,,-0.9833333333333334,,-1.1641801559561187,0.4527991051139803,0.9566999287241625
