feature,owner_role,test_status,selected_model,release_decision,release_scope,release_warning
obs__circuit__bedroomlights_20__apparent_power_va__present,iot_observability,pass,markov_1,keep_warning_governed,public_source_synthetic_projection,Smart* source is public/CC-BY; this projection is not a formal privacy guarantee and does not transfer original Q6 residential-risk claims
obs__circuit__bedroomlights_20__real_power_w__present,iot_observability,pass,markov_1,keep_warning_governed,public_source_synthetic_projection,Smart* source is public/CC-BY; this projection is not a formal privacy guarantee and does not transfer original Q6 residential-risk claims
obs__circuit__bedroomoutlets_19__apparent_power_va__present,iot_observability,warning,markov_1,keep_warning_governed,public_source_synthetic_projection,Smart* source is public/CC-BY; this projection is not a formal privacy guarantee and does not transfer original Q6 residential-risk claims
obs__circuit__bedroomoutlets_19__real_power_w__present,iot_observability,warning,markov_1,keep_warning_governed,public_source_synthetic_projection,Smart* source is public/CC-BY; this projection is not a formal privacy guarantee and does not transfer original Q6 residential-risk claims
obs__circuit__cellarlights_11__apparent_power_va__present,iot_observability,pass,markov_1,keep_warning_governed,public_source_synthetic_projection,Smart* source is public/CC-BY; this projection is not a formal privacy guarantee and does not transfer original Q6 residential-risk claims
obs__circuit__cellarlights_11__real_power_w__present,iot_observability,pass,markov_1,keep_warning_governed,public_source_synthetic_projection,Smart* source is public/CC-BY; this projection is not a formal privacy guarantee and does not transfer original Q6 residential-risk claims
obs__circuit__cellaroutlets_13__apparent_power_va__present,iot_observability,pass,markov_1,keep_warning_governed,public_source_synthetic_projection,Smart* source is public/CC-BY; this projection is not a formal privacy guarantee and does not transfer original Q6 residential-risk claims
obs__circuit__cellaroutlets_13__real_power_w__present,iot_observability,pass,markov_1,keep_warning_governed,public_source_synthetic_projection,Smart* source is public/CC-BY; this projection is not a formal privacy guarantee and does not transfer original Q6 residential-risk claims
obs__circuit__counteroutlets1_24__apparent_power_va__present,iot_observability,fatal,minute_of_day_bernoulli,exclude_from_smoke_release_projection,public_source_synthetic_projection,Smart* source is public/CC-BY; this projection is not a formal privacy guarantee and does not transfer original Q6 residential-risk claims
obs__circuit__counteroutlets1_24__real_power_w__present,iot_observability,fatal,bernoulli_iid,exclude_from_smoke_release_projection,public_source_synthetic_projection,Smart* source is public/CC-BY; this projection is not a formal privacy guarantee and does not transfer original Q6 residential-risk claims
obs__circuit__counteroutlets2_25__apparent_power_va__present,iot_observability,fatal,bernoulli_iid,exclude_from_smoke_release_projection,public_source_synthetic_projection,Smart* source is public/CC-BY; this projection is not a formal privacy guarantee and does not transfer original Q6 residential-risk claims
obs__circuit__counteroutlets2_25__real_power_w__present,iot_observability,fatal,minute_of_day_bernoulli,exclude_from_smoke_release_projection,public_source_synthetic_projection,Smart* source is public/CC-BY; this projection is not a formal privacy guarantee and does not transfer original Q6 residential-risk claims
obs__circuit__diningroomoutlets_9__apparent_power_va__present,iot_observability,warning,markov_1,keep_warning_governed,public_source_synthetic_projection,Smart* source is public/CC-BY; this projection is not a formal privacy guarantee and does not transfer original Q6 residential-risk claims
obs__circuit__diningroomoutlets_9__real_power_w__present,iot_observability,warning,markov_1,keep_warning_governed,public_source_synthetic_projection,Smart* source is public/CC-BY; this projection is not a formal privacy guarantee and does not transfer original Q6 residential-risk claims
obs__circuit__disposaldishwasher_16__apparent_power_va__present,iot_observability,fatal,minute_of_day_bernoulli,exclude_from_smoke_release_projection,public_source_synthetic_projection,Smart* source is public/CC-BY; this projection is not a formal privacy guarantee and does not transfer original Q6 residential-risk claims
obs__circuit__disposaldishwasher_16__real_power_w__present,iot_observability,fatal,bernoulli_iid,exclude_from_smoke_release_projection,public_source_synthetic_projection,Smart* source is public/CC-BY; this projection is not a formal privacy guarantee and does not transfer original Q6 residential-risk claims
obs__circuit__dryer_2__apparent_power_va__present,iot_observability,warning,markov_1,keep_warning_governed,public_source_synthetic_projection,Smart* source is public/CC-BY; this projection is not a formal privacy guarantee and does not transfer original Q6 residential-risk claims
obs__circuit__dryer_2__real_power_w__present,iot_observability,warning,markov_1,keep_warning_governed,public_source_synthetic_projection,Smart* source is public/CC-BY; this projection is not a formal privacy guarantee and does not transfer original Q6 residential-risk claims
obs__circuit__ductheaterhrv_23__apparent_power_va__present,iot_observability,fatal,markov_1,exclude_from_smoke_release_projection,public_source_synthetic_projection,Smart* source is public/CC-BY; this projection is not a formal privacy guarantee and does not transfer original Q6 residential-risk claims
obs__circuit__ductheaterhrv_23__real_power_w__present,iot_observability,fatal,markov_1,exclude_from_smoke_release_projection,public_source_synthetic_projection,Smart* source is public/CC-BY; this projection is not a formal privacy guarantee and does not transfer original Q6 residential-risk claims
obs__circuit__fridgerange_15__apparent_power_va__present,iot_observability,fatal,bernoulli_iid,exclude_from_smoke_release_projection,public_source_synthetic_projection,Smart* source is public/CC-BY; this projection is not a formal privacy guarantee and does not transfer original Q6 residential-risk claims
obs__circuit__fridgerange_15__real_power_w__present,iot_observability,fatal,bernoulli_iid,exclude_from_smoke_release_projection,public_source_synthetic_projection,Smart* source is public/CC-BY; this projection is not a formal privacy guarantee and does not transfer original Q6 residential-risk claims
obs__circuit__furnacehrv_12__apparent_power_va__present,iot_observability,warning,bernoulli_iid,keep_warning_governed,public_source_synthetic_projection,Smart* source is public/CC-BY; this projection is not a formal privacy guarantee and does not transfer original Q6 residential-risk claims
obs__circuit__furnacehrv_12__real_power_w__present,iot_observability,warning,minute_of_day_bernoulli,keep_warning_governed,public_source_synthetic_projection,Smart* source is public/CC-BY; this projection is not a formal privacy guarantee and does not transfer original Q6 residential-risk claims
obs__circuit__grid_1__apparent_power_va__present,iot_observability,fatal,markov_1,exclude_from_smoke_release_projection,public_source_synthetic_projection,Smart* source is public/CC-BY; this projection is not a formal privacy guarantee and does not transfer original Q6 residential-risk claims
obs__circuit__grid_1__real_power_w__present,iot_observability,fatal,markov_1,exclude_from_smoke_release_projection,public_source_synthetic_projection,Smart* source is public/CC-BY; this projection is not a formal privacy guarantee and does not transfer original Q6 residential-risk claims
obs__circuit__guestbathhalllights_8__apparent_power_va__present,iot_observability,warning,minute_of_day_bernoulli,keep_warning_governed,public_source_synthetic_projection,Smart* source is public/CC-BY; this projection is not a formal privacy guarantee and does not transfer original Q6 residential-risk claims
obs__circuit__guestbathhalllights_8__real_power_w__present,iot_observability,warning,minute_of_day_bernoulli,keep_warning_governed,public_source_synthetic_projection,Smart* source is public/CC-BY; this projection is not a formal privacy guarantee and does not transfer original Q6 residential-risk claims
obs__circuit__guestbathoutlets_5__apparent_power_va__present,iot_observability,pass,minute_of_day_bernoulli,keep_warning_governed,public_source_synthetic_projection,Smart* source is public/CC-BY; this projection is not a formal privacy guarantee and does not transfer original Q6 residential-risk claims
obs__circuit__guestbathoutlets_5__real_power_w__present,iot_observability,pass,minute_of_day_bernoulli,keep_warning_governed,public_source_synthetic_projection,Smart* source is public/CC-BY; this projection is not a formal privacy guarantee and does not transfer original Q6 residential-risk claims
obs__circuit__kitchenlights_18__apparent_power_va__present,iot_observability,fatal,minute_of_day_bernoulli,exclude_from_smoke_release_projection,public_source_synthetic_projection,Smart* source is public/CC-BY; this projection is not a formal privacy guarantee and does not transfer original Q6 residential-risk claims
obs__circuit__kitchenlights_18__real_power_w__present,iot_observability,fatal,bernoulli_iid,exclude_from_smoke_release_projection,public_source_synthetic_projection,Smart* source is public/CC-BY; this projection is not a formal privacy guarantee and does not transfer original Q6 residential-risk claims
obs__circuit__kitchenoutlets_26__apparent_power_va__present,iot_observability,fatal,minute_of_day_bernoulli,exclude_from_smoke_release_projection,public_source_synthetic_projection,Smart* source is public/CC-BY; this projection is not a formal privacy guarantee and does not transfer original Q6 residential-risk claims
obs__circuit__kitchenoutlets_26__real_power_w__present,iot_observability,fatal,bernoulli_iid,exclude_from_smoke_release_projection,public_source_synthetic_projection,Smart* source is public/CC-BY; this projection is not a formal privacy guarantee and does not transfer original Q6 residential-risk claims
obs__circuit__livingroomoutlets_4__apparent_power_va__present,iot_observability,fatal,minute_of_day_bernoulli,exclude_from_smoke_release_projection,public_source_synthetic_projection,Smart* source is public/CC-BY; this projection is not a formal privacy guarantee and does not transfer original Q6 residential-risk claims
obs__circuit__livingroomoutlets_4__real_power_w__present,iot_observability,fatal,minute_of_day_bernoulli,exclude_from_smoke_release_projection,public_source_synthetic_projection,Smart* source is public/CC-BY; this projection is not a formal privacy guarantee and does not transfer original Q6 residential-risk claims
obs__circuit__livingroompatiolights_7__apparent_power_va__present,iot_observability,pass,markov_1,keep_warning_governed,public_source_synthetic_projection,Smart* source is public/CC-BY; this projection is not a formal privacy guarantee and does not transfer original Q6 residential-risk claims
obs__circuit__livingroompatiolights_7__real_power_w__present,iot_observability,pass,markov_1,keep_warning_governed,public_source_synthetic_projection,Smart* source is public/CC-BY; this projection is not a formal privacy guarantee and does not transfer original Q6 residential-risk claims
obs__circuit__masterbathoutlets_6__apparent_power_va__present,iot_observability,pass,markov_1,keep_warning_governed,public_source_synthetic_projection,Smart* source is public/CC-BY; this projection is not a formal privacy guarantee and does not transfer original Q6 residential-risk claims
obs__circuit__masterbathoutlets_6__real_power_w__present,iot_observability,pass,markov_1,keep_warning_governed,public_source_synthetic_projection,Smart* source is public/CC-BY; this projection is not a formal privacy guarantee and does not transfer original Q6 residential-risk claims
obs__circuit__masterlights_22__apparent_power_va__present,iot_observability,fatal,minute_of_day_bernoulli,exclude_from_smoke_release_projection,public_source_synthetic_projection,Smart* source is public/CC-BY; this projection is not a formal privacy guarantee and does not transfer original Q6 residential-risk claims
obs__circuit__masterlights_22__real_power_w__present,iot_observability,fatal,minute_of_day_bernoulli,exclude_from_smoke_release_projection,public_source_synthetic_projection,Smart* source is public/CC-BY; this projection is not a formal privacy guarantee and does not transfer original Q6 residential-risk claims
obs__circuit__masteroutlets_21__apparent_power_va__present,iot_observability,fatal,markov_1,exclude_from_smoke_release_projection,public_source_synthetic_projection,Smart* source is public/CC-BY; this projection is not a formal privacy guarantee and does not transfer original Q6 residential-risk claims
obs__circuit__masteroutlets_21__real_power_w__present,iot_observability,fatal,markov_1,exclude_from_smoke_release_projection,public_source_synthetic_projection,Smart* source is public/CC-BY; this projection is not a formal privacy guarantee and does not transfer original Q6 residential-risk claims
obs__circuit__microwave_17__apparent_power_va__present,iot_observability,warning,minute_of_day_bernoulli,keep_warning_governed,public_source_synthetic_projection,Smart* source is public/CC-BY; this projection is not a formal privacy guarantee and does not transfer original Q6 residential-risk claims
obs__circuit__microwave_17__real_power_w__present,iot_observability,pass,markov_1,keep_warning_governed,public_source_synthetic_projection,Smart* source is public/CC-BY; this projection is not a formal privacy guarantee and does not transfer original Q6 residential-risk claims
obs__circuit__officeoutlets_3__apparent_power_va__present,iot_observability,fatal,markov_1,exclude_from_smoke_release_projection,public_source_synthetic_projection,Smart* source is public/CC-BY; this projection is not a formal privacy guarantee and does not transfer original Q6 residential-risk claims
obs__circuit__officeoutlets_3__real_power_w__present,iot_observability,fatal,markov_1,exclude_from_smoke_release_projection,public_source_synthetic_projection,Smart* source is public/CC-BY; this projection is not a formal privacy guarantee and does not transfer original Q6 residential-risk claims
obs__circuit__outsideoutlets_10__apparent_power_va__present,iot_observability,pass,minute_of_day_bernoulli,keep_warning_governed,public_source_synthetic_projection,Smart* source is public/CC-BY; this projection is not a formal privacy guarantee and does not transfer original Q6 residential-risk claims
obs__circuit__outsideoutlets_10__real_power_w__present,iot_observability,pass,minute_of_day_bernoulli,keep_warning_governed,public_source_synthetic_projection,Smart* source is public/CC-BY; this projection is not a formal privacy guarantee and does not transfer original Q6 residential-risk claims
obs__circuit__washingmachine_14__apparent_power_va__present,iot_observability,fatal,markov_1,exclude_from_smoke_release_projection,public_source_synthetic_projection,Smart* source is public/CC-BY; this projection is not a formal privacy guarantee and does not transfer original Q6 residential-risk claims
obs__circuit__washingmachine_14__real_power_w__present,iot_observability,fatal,markov_1,exclude_from_smoke_release_projection,public_source_synthetic_projection,Smart* source is public/CC-BY; this projection is not a formal privacy guarantee and does not transfer original Q6 residential-risk claims
obs__door__kitchen_refrigerator__active__present,iot_observability,pass,markov_1,keep_warning_governed,public_source_synthetic_projection,Smart* source is public/CC-BY; this projection is not a formal privacy guarantee and does not transfer original Q6 residential-risk claims
obs__environmental__environmental__env_v01__present,iot_observability,pass,minute_of_day_bernoulli,keep_warning_governed,public_source_synthetic_projection,Smart* source is public/CC-BY; this projection is not a formal privacy guarantee and does not transfer original Q6 residential-risk claims
obs__environmental__environmental__env_v02__present,iot_observability,pass,minute_of_day_bernoulli,keep_warning_governed,public_source_synthetic_projection,Smart* source is public/CC-BY; this projection is not a formal privacy guarantee and does not transfer original Q6 residential-risk claims
obs__environmental__environmental__env_v03__present,iot_observability,pass,minute_of_day_bernoulli,keep_warning_governed,public_source_synthetic_projection,Smart* source is public/CC-BY; this projection is not a formal privacy guarantee and does not transfer original Q6 residential-risk claims
obs__environmental__environmental__env_v04__present,iot_observability,pass,minute_of_day_bernoulli,keep_warning_governed,public_source_synthetic_projection,Smart* source is public/CC-BY; this projection is not a formal privacy guarantee and does not transfer original Q6 residential-risk claims
obs__environmental__environmental__env_v05__present,iot_observability,pass,minute_of_day_bernoulli,keep_warning_governed,public_source_synthetic_projection,Smart* source is public/CC-BY; this projection is not a formal privacy guarantee and does not transfer original Q6 residential-risk claims
obs__environmental__environmental__env_v06__present,iot_observability,pass,minute_of_day_bernoulli,keep_warning_governed,public_source_synthetic_projection,Smart* source is public/CC-BY; this projection is not a formal privacy guarantee and does not transfer original Q6 residential-risk claims
obs__environmental__environmental__env_v07__present,iot_observability,pass,minute_of_day_bernoulli,keep_warning_governed,public_source_synthetic_projection,Smart* source is public/CC-BY; this projection is not a formal privacy guarantee and does not transfer original Q6 residential-risk claims
obs__environmental__environmental__env_v08__present,iot_observability,pass,minute_of_day_bernoulli,keep_warning_governed,public_source_synthetic_projection,Smart* source is public/CC-BY; this projection is not a formal privacy guarantee and does not transfer original Q6 residential-risk claims
obs__environmental__environmental__env_v09__present,iot_observability,pass,minute_of_day_bernoulli,keep_warning_governed,public_source_synthetic_projection,Smart* source is public/CC-BY; this projection is not a formal privacy guarantee and does not transfer original Q6 residential-risk claims
obs__environmental__environmental__env_v10__present,iot_observability,pass,minute_of_day_bernoulli,keep_warning_governed,public_source_synthetic_projection,Smart* source is public/CC-BY; this projection is not a formal privacy guarantee and does not transfer original Q6 residential-risk claims
obs__environmental__environmental__env_v11__present,iot_observability,fatal,minute_of_day_bernoulli,exclude_from_smoke_release_projection,public_source_synthetic_projection,Smart* source is public/CC-BY; this projection is not a formal privacy guarantee and does not transfer original Q6 residential-risk claims
obs__environmental__environmental__env_v12__present,iot_observability,fatal,minute_of_day_bernoulli,exclude_from_smoke_release_projection,public_source_synthetic_projection,Smart* source is public/CC-BY; this projection is not a formal privacy guarantee and does not transfer original Q6 residential-risk claims
obs__furnace__livingroom_wall__active__present,iot_observability,fatal,markov_1,exclude_from_smoke_release_projection,public_source_synthetic_projection,Smart* source is public/CC-BY; this projection is not a formal privacy guarantee and does not transfer original Q6 residential-risk claims
obs__furnace__master_wall__active__present,iot_observability,fatal,bernoulli_iid,exclude_from_smoke_release_projection,public_source_synthetic_projection,Smart* source is public/CC-BY; this projection is not a formal privacy guarantee and does not transfer original Q6 residential-risk claims
obs__motion__basement_corner__active__present,iot_observability,pass,markov_1,keep_warning_governed,public_source_synthetic_projection,Smart* source is public/CC-BY; this projection is not a formal privacy guarantee and does not transfer original Q6 residential-risk claims
obs__motion__bedroom_corner__active__present,iot_observability,pass,markov_1,keep_warning_governed,public_source_synthetic_projection,Smart* source is public/CC-BY; this projection is not a formal privacy guarantee and does not transfer original Q6 residential-risk claims
obs__motion__guest_corner__active__present,iot_observability,pass,markov_1,keep_warning_governed,public_source_synthetic_projection,Smart* source is public/CC-BY; this projection is not a formal privacy guarantee and does not transfer original Q6 residential-risk claims
obs__motion__kitchen_corner__active__present,iot_observability,fatal,markov_1,exclude_from_smoke_release_projection,public_source_synthetic_projection,Smart* source is public/CC-BY; this projection is not a formal privacy guarantee and does not transfer original Q6 residential-risk claims
obs__motion__livingroom_corner__active__present,iot_observability,pass,markov_1,keep_warning_governed,public_source_synthetic_projection,Smart* source is public/CC-BY; this projection is not a formal privacy guarantee and does not transfer original Q6 residential-risk claims
obs__motion__master_corner__active__present,iot_observability,pass,markov_1,keep_warning_governed,public_source_synthetic_projection,Smart* source is public/CC-BY; this projection is not a formal privacy guarantee and does not transfer original Q6 residential-risk claims
obs__switch__bedroom_closet__active__present,iot_observability,pass,markov_1,keep_warning_governed,public_source_synthetic_projection,Smart* source is public/CC-BY; this projection is not a formal privacy guarantee and does not transfer original Q6 residential-risk claims
obs__switch__bedroom_lights__active__present,iot_observability,pass,markov_1,keep_warning_governed,public_source_synthetic_projection,Smart* source is public/CC-BY; this projection is not a formal privacy guarantee and does not transfer original Q6 residential-risk claims
obs__switch__bedroom_linencloset__active__present,iot_observability,pass,markov_1,keep_warning_governed,public_source_synthetic_projection,Smart* source is public/CC-BY; this projection is not a formal privacy guarantee and does not transfer original Q6 residential-risk claims
obs__switch__bedroom_maincloset__active__present,iot_observability,pass,markov_1,keep_warning_governed,public_source_synthetic_projection,Smart* source is public/CC-BY; this projection is not a formal privacy guarantee and does not transfer original Q6 residential-risk claims
obs__switch__frontporch_light__active__present,iot_observability,pass,markov_1,keep_warning_governed,public_source_synthetic_projection,Smart* source is public/CC-BY; this projection is not a formal privacy guarantee and does not transfer original Q6 residential-risk claims
obs__switch__guest_lights__active__present,iot_observability,pass,markov_1,keep_warning_governed,public_source_synthetic_projection,Smart* source is public/CC-BY; this projection is not a formal privacy guarantee and does not transfer original Q6 residential-risk claims
obs__switch__guestbath_fan__active__present,iot_observability,pass,markov_1,keep_warning_governed,public_source_synthetic_projection,Smart* source is public/CC-BY; this projection is not a formal privacy guarantee and does not transfer original Q6 residential-risk claims
obs__switch__guestbath_overheadlight__active__present,iot_observability,pass,markov_1,keep_warning_governed,public_source_synthetic_projection,Smart* source is public/CC-BY; this projection is not a formal privacy guarantee and does not transfer original Q6 residential-risk claims
obs__switch__guestbath_sinklight__active__present,iot_observability,pass,markov_1,keep_warning_governed,public_source_synthetic_projection,Smart* source is public/CC-BY; this projection is not a formal privacy guarantee and does not transfer original Q6 residential-risk claims
obs__switch__hall_lights1__active__present,iot_observability,pass,markov_1,keep_warning_governed,public_source_synthetic_projection,Smart* source is public/CC-BY; this projection is not a formal privacy guarantee and does not transfer original Q6 residential-risk claims
obs__switch__kitchen_lights__active__present,iot_observability,pass,markov_1,keep_warning_governed,public_source_synthetic_projection,Smart* source is public/CC-BY; this projection is not a formal privacy guarantee and does not transfer original Q6 residential-risk claims
obs__switch__kitchen_sink__active__present,iot_observability,pass,markov_1,keep_warning_governed,public_source_synthetic_projection,Smart* source is public/CC-BY; this projection is not a formal privacy guarantee and does not transfer original Q6 residential-risk claims
obs__switch__kitchenhall_lights1__active__present,iot_observability,pass,markov_1,keep_warning_governed,public_source_synthetic_projection,Smart* source is public/CC-BY; this projection is not a formal privacy guarantee and does not transfer original Q6 residential-risk claims
obs__switch__livingroom_dininglights__active__present,iot_observability,pass,minute_of_day_bernoulli,keep_warning_governed,public_source_synthetic_projection,Smart* source is public/CC-BY; this projection is not a formal privacy guarantee and does not transfer original Q6 residential-risk claims
obs__switch__livingroom_firelights__active__present,iot_observability,pass,markov_1,keep_warning_governed,public_source_synthetic_projection,Smart* source is public/CC-BY; this projection is not a formal privacy guarantee and does not transfer original Q6 residential-risk claims
obs__switch__livingroom_lights1__active__present,iot_observability,pass,minute_of_day_bernoulli,keep_warning_governed,public_source_synthetic_projection,Smart* source is public/CC-BY; this projection is not a formal privacy guarantee and does not transfer original Q6 residential-risk claims
obs__switch__livingroom_sideporch__active__present,iot_observability,pass,minute_of_day_bernoulli,keep_warning_governed,public_source_synthetic_projection,Smart* source is public/CC-BY; this projection is not a formal privacy guarantee and does not transfer original Q6 residential-risk claims
obs__switch__master_dcloset__active__present,iot_observability,pass,markov_1,keep_warning_governed,public_source_synthetic_projection,Smart* source is public/CC-BY; this projection is not a formal privacy guarantee and does not transfer original Q6 residential-risk claims
obs__switch__master_jcloset__active__present,iot_observability,pass,markov_1,keep_warning_governed,public_source_synthetic_projection,Smart* source is public/CC-BY; this projection is not a formal privacy guarantee and does not transfer original Q6 residential-risk claims
obs__switch__master_lights__active__present,iot_observability,pass,markov_1,keep_warning_governed,public_source_synthetic_projection,Smart* source is public/CC-BY; this projection is not a formal privacy guarantee and does not transfer original Q6 residential-risk claims
obs__switch__masterbath_fan__active__present,iot_observability,pass,markov_1,keep_warning_governed,public_source_synthetic_projection,Smart* source is public/CC-BY; this projection is not a formal privacy guarantee and does not transfer original Q6 residential-risk claims
obs__switch__masterbath_overheadlight__active__present,iot_observability,pass,markov_1,keep_warning_governed,public_source_synthetic_projection,Smart* source is public/CC-BY; this projection is not a formal privacy guarantee and does not transfer original Q6 residential-risk claims
obs__switch__masterbath_sinklight__active__present,iot_observability,pass,markov_1,keep_warning_governed,public_source_synthetic_projection,Smart* source is public/CC-BY; this projection is not a formal privacy guarantee and does not transfer original Q6 residential-risk claims
obs__switch__stairs_lights1__active__present,iot_observability,pass,markov_1,keep_warning_governed,public_source_synthetic_projection,Smart* source is public/CC-BY; this projection is not a formal privacy guarantee and does not transfer original Q6 residential-risk claims
cont__circuit__bedroomlights_20__apparent_power_va,iot_continuous,fatal,empirical_iid,exclude_from_smoke_release_projection,public_source_synthetic_projection,Smart* source is public/CC-BY; this projection is not a formal privacy guarantee and does not transfer original Q6 residential-risk claims
cont__circuit__bedroomlights_20__real_power_w,iot_continuous,fatal,block_bootstrap,exclude_from_smoke_release_projection,public_source_synthetic_projection,Smart* source is public/CC-BY; this projection is not a formal privacy guarantee and does not transfer original Q6 residential-risk claims
cont__circuit__bedroomoutlets_19__apparent_power_va,iot_continuous,warning,block_bootstrap,keep_warning_governed,public_source_synthetic_projection,Smart* source is public/CC-BY; this projection is not a formal privacy guarantee and does not transfer original Q6 residential-risk claims
cont__circuit__bedroomoutlets_19__real_power_w,iot_continuous,warning,block_bootstrap,keep_warning_governed,public_source_synthetic_projection,Smart* source is public/CC-BY; this projection is not a formal privacy guarantee and does not transfer original Q6 residential-risk claims
cont__circuit__cellarlights_11__apparent_power_va,iot_continuous,fatal,empirical_iid,exclude_from_smoke_release_projection,public_source_synthetic_projection,Smart* source is public/CC-BY; this projection is not a formal privacy guarantee and does not transfer original Q6 residential-risk claims
cont__circuit__cellarlights_11__real_power_w,iot_continuous,fatal,empirical_iid,exclude_from_smoke_release_projection,public_source_synthetic_projection,Smart* source is public/CC-BY; this projection is not a formal privacy guarantee and does not transfer original Q6 residential-risk claims
cont__circuit__cellaroutlets_13__apparent_power_va,iot_continuous,fatal,block_bootstrap,exclude_from_smoke_release_projection,public_source_synthetic_projection,Smart* source is public/CC-BY; this projection is not a formal privacy guarantee and does not transfer original Q6 residential-risk claims
cont__circuit__cellaroutlets_13__real_power_w,iot_continuous,fatal,block_bootstrap,exclude_from_smoke_release_projection,public_source_synthetic_projection,Smart* source is public/CC-BY; this projection is not a formal privacy guarantee and does not transfer original Q6 residential-risk claims
cont__circuit__counteroutlets1_24__apparent_power_va,iot_continuous,fatal,minute_of_day,exclude_from_smoke_release_projection,public_source_synthetic_projection,Smart* source is public/CC-BY; this projection is not a formal privacy guarantee and does not transfer original Q6 residential-risk claims
cont__circuit__counteroutlets1_24__real_power_w,iot_continuous,fatal,minute_of_day,exclude_from_smoke_release_projection,public_source_synthetic_projection,Smart* source is public/CC-BY; this projection is not a formal privacy guarantee and does not transfer original Q6 residential-risk claims
cont__circuit__counteroutlets2_25__apparent_power_va,iot_continuous,warning,minute_of_day,keep_warning_governed,public_source_synthetic_projection,Smart* source is public/CC-BY; this projection is not a formal privacy guarantee and does not transfer original Q6 residential-risk claims
cont__circuit__counteroutlets2_25__real_power_w,iot_continuous,warning,minute_of_day,keep_warning_governed,public_source_synthetic_projection,Smart* source is public/CC-BY; this projection is not a formal privacy guarantee and does not transfer original Q6 residential-risk claims
cont__circuit__diningroomoutlets_9__apparent_power_va,iot_continuous,fatal,block_bootstrap,exclude_from_smoke_release_projection,public_source_synthetic_projection,Smart* source is public/CC-BY; this projection is not a formal privacy guarantee and does not transfer original Q6 residential-risk claims
cont__circuit__diningroomoutlets_9__real_power_w,iot_continuous,warning,block_bootstrap,keep_warning_governed,public_source_synthetic_projection,Smart* source is public/CC-BY; this projection is not a formal privacy guarantee and does not transfer original Q6 residential-risk claims
cont__circuit__disposaldishwasher_16__apparent_power_va,iot_continuous,fatal,block_bootstrap,exclude_from_smoke_release_projection,public_source_synthetic_projection,Smart* source is public/CC-BY; this projection is not a formal privacy guarantee and does not transfer original Q6 residential-risk claims
cont__circuit__disposaldishwasher_16__real_power_w,iot_continuous,fatal,block_bootstrap,exclude_from_smoke_release_projection,public_source_synthetic_projection,Smart* source is public/CC-BY; this projection is not a formal privacy guarantee and does not transfer original Q6 residential-risk claims
cont__circuit__dryer_2__apparent_power_va,iot_continuous,fatal,minute_of_day,exclude_from_smoke_release_projection,public_source_synthetic_projection,Smart* source is public/CC-BY; this projection is not a formal privacy guarantee and does not transfer original Q6 residential-risk claims
cont__circuit__dryer_2__real_power_w,iot_continuous,fatal,minute_of_day,exclude_from_smoke_release_projection,public_source_synthetic_projection,Smart* source is public/CC-BY; this projection is not a formal privacy guarantee and does not transfer original Q6 residential-risk claims
cont__circuit__ductheaterhrv_23__apparent_power_va,iot_continuous,fatal,minute_of_day,exclude_from_smoke_release_projection,public_source_synthetic_projection,Smart* source is public/CC-BY; this projection is not a formal privacy guarantee and does not transfer original Q6 residential-risk claims
cont__circuit__ductheaterhrv_23__real_power_w,iot_continuous,fatal,minute_of_day,exclude_from_smoke_release_projection,public_source_synthetic_projection,Smart* source is public/CC-BY; this projection is not a formal privacy guarantee and does not transfer original Q6 residential-risk claims
cont__circuit__fridgerange_15__apparent_power_va,iot_continuous,fatal,block_bootstrap,exclude_from_smoke_release_projection,public_source_synthetic_projection,Smart* source is public/CC-BY; this projection is not a formal privacy guarantee and does not transfer original Q6 residential-risk claims
cont__circuit__fridgerange_15__real_power_w,iot_continuous,fatal,block_bootstrap,exclude_from_smoke_release_projection,public_source_synthetic_projection,Smart* source is public/CC-BY; this projection is not a formal privacy guarantee and does not transfer original Q6 residential-risk claims
cont__circuit__furnacehrv_12__apparent_power_va,iot_continuous,pass,minute_of_day,keep_warning_governed,public_source_synthetic_projection,Smart* source is public/CC-BY; this projection is not a formal privacy guarantee and does not transfer original Q6 residential-risk claims
cont__circuit__furnacehrv_12__real_power_w,iot_continuous,pass,empirical_iid,keep_warning_governed,public_source_synthetic_projection,Smart* source is public/CC-BY; this projection is not a formal privacy guarantee and does not transfer original Q6 residential-risk claims
cont__circuit__grid_1__apparent_power_va,iot_continuous,warning,block_bootstrap,keep_warning_governed,public_source_synthetic_projection,Smart* source is public/CC-BY; this projection is not a formal privacy guarantee and does not transfer original Q6 residential-risk claims
cont__circuit__grid_1__real_power_w,iot_continuous,warning,block_bootstrap,keep_warning_governed,public_source_synthetic_projection,Smart* source is public/CC-BY; this projection is not a formal privacy guarantee and does not transfer original Q6 residential-risk claims
cont__circuit__guestbathhalllights_8__apparent_power_va,iot_continuous,fatal,block_bootstrap,exclude_from_smoke_release_projection,public_source_synthetic_projection,Smart* source is public/CC-BY; this projection is not a formal privacy guarantee and does not transfer original Q6 residential-risk claims
cont__circuit__guestbathhalllights_8__real_power_w,iot_continuous,fatal,block_bootstrap,exclude_from_smoke_release_projection,public_source_synthetic_projection,Smart* source is public/CC-BY; this projection is not a formal privacy guarantee and does not transfer original Q6 residential-risk claims
cont__circuit__guestbathoutlets_5__apparent_power_va,iot_continuous,fatal,minute_of_day,exclude_from_smoke_release_projection,public_source_synthetic_projection,Smart* source is public/CC-BY; this projection is not a formal privacy guarantee and does not transfer original Q6 residential-risk claims
cont__circuit__guestbathoutlets_5__real_power_w,iot_continuous,fatal,minute_of_day,exclude_from_smoke_release_projection,public_source_synthetic_projection,Smart* source is public/CC-BY; this projection is not a formal privacy guarantee and does not transfer original Q6 residential-risk claims
cont__circuit__kitchenlights_18__apparent_power_va,iot_continuous,fatal,minute_of_day,exclude_from_smoke_release_projection,public_source_synthetic_projection,Smart* source is public/CC-BY; this projection is not a formal privacy guarantee and does not transfer original Q6 residential-risk claims
cont__circuit__kitchenlights_18__real_power_w,iot_continuous,fatal,minute_of_day,exclude_from_smoke_release_projection,public_source_synthetic_projection,Smart* source is public/CC-BY; this projection is not a formal privacy guarantee and does not transfer original Q6 residential-risk claims
cont__circuit__kitchenoutlets_26__apparent_power_va,iot_continuous,fatal,minute_of_day,exclude_from_smoke_release_projection,public_source_synthetic_projection,Smart* source is public/CC-BY; this projection is not a formal privacy guarantee and does not transfer original Q6 residential-risk claims
cont__circuit__kitchenoutlets_26__real_power_w,iot_continuous,fatal,minute_of_day,exclude_from_smoke_release_projection,public_source_synthetic_projection,Smart* source is public/CC-BY; this projection is not a formal privacy guarantee and does not transfer original Q6 residential-risk claims
cont__circuit__livingroomoutlets_4__apparent_power_va,iot_continuous,warning,block_bootstrap,keep_warning_governed,public_source_synthetic_projection,Smart* source is public/CC-BY; this projection is not a formal privacy guarantee and does not transfer original Q6 residential-risk claims
cont__circuit__livingroomoutlets_4__real_power_w,iot_continuous,pass,block_bootstrap,keep_warning_governed,public_source_synthetic_projection,Smart* source is public/CC-BY; this projection is not a formal privacy guarantee and does not transfer original Q6 residential-risk claims
cont__circuit__livingroompatiolights_7__apparent_power_va,iot_continuous,fatal,block_bootstrap,exclude_from_smoke_release_projection,public_source_synthetic_projection,Smart* source is public/CC-BY; this projection is not a formal privacy guarantee and does not transfer original Q6 residential-risk claims
cont__circuit__livingroompatiolights_7__real_power_w,iot_continuous,fatal,empirical_iid,exclude_from_smoke_release_projection,public_source_synthetic_projection,Smart* source is public/CC-BY; this projection is not a formal privacy guarantee and does not transfer original Q6 residential-risk claims
cont__circuit__masterbathoutlets_6__apparent_power_va,iot_continuous,fatal,minute_of_day,exclude_from_smoke_release_projection,public_source_synthetic_projection,Smart* source is public/CC-BY; this projection is not a formal privacy guarantee and does not transfer original Q6 residential-risk claims
cont__circuit__masterbathoutlets_6__real_power_w,iot_continuous,fatal,block_bootstrap,exclude_from_smoke_release_projection,public_source_synthetic_projection,Smart* source is public/CC-BY; this projection is not a formal privacy guarantee and does not transfer original Q6 residential-risk claims
cont__circuit__masterlights_22__apparent_power_va,iot_continuous,fatal,minute_of_day,exclude_from_smoke_release_projection,public_source_synthetic_projection,Smart* source is public/CC-BY; this projection is not a formal privacy guarantee and does not transfer original Q6 residential-risk claims
cont__circuit__masterlights_22__real_power_w,iot_continuous,fatal,block_bootstrap,exclude_from_smoke_release_projection,public_source_synthetic_projection,Smart* source is public/CC-BY; this projection is not a formal privacy guarantee and does not transfer original Q6 residential-risk claims
cont__circuit__masteroutlets_21__apparent_power_va,iot_continuous,warning,block_bootstrap,keep_warning_governed,public_source_synthetic_projection,Smart* source is public/CC-BY; this projection is not a formal privacy guarantee and does not transfer original Q6 residential-risk claims
cont__circuit__masteroutlets_21__real_power_w,iot_continuous,warning,block_bootstrap,keep_warning_governed,public_source_synthetic_projection,Smart* source is public/CC-BY; this projection is not a formal privacy guarantee and does not transfer original Q6 residential-risk claims
cont__circuit__microwave_17__apparent_power_va,iot_continuous,fatal,empirical_iid,exclude_from_smoke_release_projection,public_source_synthetic_projection,Smart* source is public/CC-BY; this projection is not a formal privacy guarantee and does not transfer original Q6 residential-risk claims
cont__circuit__microwave_17__real_power_w,iot_continuous,fatal,empirical_iid,exclude_from_smoke_release_projection,public_source_synthetic_projection,Smart* source is public/CC-BY; this projection is not a formal privacy guarantee and does not transfer original Q6 residential-risk claims
cont__circuit__officeoutlets_3__apparent_power_va,iot_continuous,fatal,block_bootstrap,exclude_from_smoke_release_projection,public_source_synthetic_projection,Smart* source is public/CC-BY; this projection is not a formal privacy guarantee and does not transfer original Q6 residential-risk claims
cont__circuit__officeoutlets_3__real_power_w,iot_continuous,fatal,block_bootstrap,exclude_from_smoke_release_projection,public_source_synthetic_projection,Smart* source is public/CC-BY; this projection is not a formal privacy guarantee and does not transfer original Q6 residential-risk claims
cont__circuit__outsideoutlets_10__apparent_power_va,iot_continuous,fatal,minute_of_day,exclude_from_smoke_release_projection,public_source_synthetic_projection,Smart* source is public/CC-BY; this projection is not a formal privacy guarantee and does not transfer original Q6 residential-risk claims
cont__circuit__outsideoutlets_10__real_power_w,iot_continuous,fatal,empirical_iid,exclude_from_smoke_release_projection,public_source_synthetic_projection,Smart* source is public/CC-BY; this projection is not a formal privacy guarantee and does not transfer original Q6 residential-risk claims
cont__circuit__washingmachine_14__apparent_power_va,iot_continuous,fatal,empirical_iid,exclude_from_smoke_release_projection,public_source_synthetic_projection,Smart* source is public/CC-BY; this projection is not a formal privacy guarantee and does not transfer original Q6 residential-risk claims
cont__circuit__washingmachine_14__real_power_w,iot_continuous,fatal,empirical_iid,exclude_from_smoke_release_projection,public_source_synthetic_projection,Smart* source is public/CC-BY; this projection is not a formal privacy guarantee and does not transfer original Q6 residential-risk claims
cont__environmental__environmental__env_v01,iot_continuous,fatal,block_bootstrap,exclude_from_smoke_release_projection,public_source_synthetic_projection,Smart* source is public/CC-BY; this projection is not a formal privacy guarantee and does not transfer original Q6 residential-risk claims
cont__environmental__environmental__env_v02,iot_continuous,fatal,block_bootstrap,exclude_from_smoke_release_projection,public_source_synthetic_projection,Smart* source is public/CC-BY; this projection is not a formal privacy guarantee and does not transfer original Q6 residential-risk claims
cont__environmental__environmental__env_v03,iot_continuous,fatal,block_bootstrap,exclude_from_smoke_release_projection,public_source_synthetic_projection,Smart* source is public/CC-BY; this projection is not a formal privacy guarantee and does not transfer original Q6 residential-risk claims
cont__environmental__environmental__env_v04,iot_continuous,pass,block_bootstrap,keep_warning_governed,public_source_synthetic_projection,Smart* source is public/CC-BY; this projection is not a formal privacy guarantee and does not transfer original Q6 residential-risk claims
cont__environmental__environmental__env_v05,iot_continuous,fatal,block_bootstrap,exclude_from_smoke_release_projection,public_source_synthetic_projection,Smart* source is public/CC-BY; this projection is not a formal privacy guarantee and does not transfer original Q6 residential-risk claims
cont__environmental__environmental__env_v06,iot_continuous,fatal,minute_of_day,exclude_from_smoke_release_projection,public_source_synthetic_projection,Smart* source is public/CC-BY; this projection is not a formal privacy guarantee and does not transfer original Q6 residential-risk claims
cont__environmental__environmental__env_v07,iot_continuous,pass,block_bootstrap,keep_warning_governed,public_source_synthetic_projection,Smart* source is public/CC-BY; this projection is not a formal privacy guarantee and does not transfer original Q6 residential-risk claims
cont__environmental__environmental__env_v08,iot_continuous,fatal,block_bootstrap,exclude_from_smoke_release_projection,public_source_synthetic_projection,Smart* source is public/CC-BY; this projection is not a formal privacy guarantee and does not transfer original Q6 residential-risk claims
cont__environmental__environmental__env_v09,iot_continuous,fatal,block_bootstrap,exclude_from_smoke_release_projection,public_source_synthetic_projection,Smart* source is public/CC-BY; this projection is not a formal privacy guarantee and does not transfer original Q6 residential-risk claims
cont__environmental__environmental__env_v10,iot_continuous,fatal,block_bootstrap,exclude_from_smoke_release_projection,public_source_synthetic_projection,Smart* source is public/CC-BY; this projection is not a formal privacy guarantee and does not transfer original Q6 residential-risk claims
cont__environmental__environmental__env_v11,iot_continuous,fatal,block_bootstrap,exclude_from_smoke_release_projection,public_source_synthetic_projection,Smart* source is public/CC-BY; this projection is not a formal privacy guarantee and does not transfer original Q6 residential-risk claims
cont__environmental__environmental__env_v12,iot_continuous,fatal,minute_of_day,exclude_from_smoke_release_projection,public_source_synthetic_projection,Smart* source is public/CC-BY; this projection is not a formal privacy guarantee and does not transfer original Q6 residential-risk claims
bin__door__kitchen_refrigerator__active,iot_binary,warning,markov_1,keep_warning_governed,public_source_synthetic_projection,Smart* source is public/CC-BY; this projection is not a formal privacy guarantee and does not transfer original Q6 residential-risk claims
bin__motion__basement_corner__active,iot_binary,fatal,bernoulli_iid,exclude_from_smoke_release_projection,public_source_synthetic_projection,Smart* source is public/CC-BY; this projection is not a formal privacy guarantee and does not transfer original Q6 residential-risk claims
bin__motion__bedroom_corner__active,iot_binary,warning,markov_1,keep_warning_governed,public_source_synthetic_projection,Smart* source is public/CC-BY; this projection is not a formal privacy guarantee and does not transfer original Q6 residential-risk claims
bin__motion__guest_corner__active,iot_binary,fatal,markov_1,exclude_from_smoke_release_projection,public_source_synthetic_projection,Smart* source is public/CC-BY; this projection is not a formal privacy guarantee and does not transfer original Q6 residential-risk claims
bin__motion__kitchen_corner__active,iot_binary,pass,minute_of_day_bernoulli,keep_warning_governed,public_source_synthetic_projection,Smart* source is public/CC-BY; this projection is not a formal privacy guarantee and does not transfer original Q6 residential-risk claims
bin__motion__livingroom_corner__active,iot_binary,pass,markov_1,keep_warning_governed,public_source_synthetic_projection,Smart* source is public/CC-BY; this projection is not a formal privacy guarantee and does not transfer original Q6 residential-risk claims
bin__motion__master_corner__active,iot_binary,pass,markov_1,keep_warning_governed,public_source_synthetic_projection,Smart* source is public/CC-BY; this projection is not a formal privacy guarantee and does not transfer original Q6 residential-risk claims
bin__switch__bedroom_closet__active,iot_binary,pass,bernoulli_iid,keep_warning_governed,public_source_synthetic_projection,Smart* source is public/CC-BY; this projection is not a formal privacy guarantee and does not transfer original Q6 residential-risk claims
bin__switch__bedroom_lights__active,iot_binary,pass,bernoulli_iid,keep_warning_governed,public_source_synthetic_projection,Smart* source is public/CC-BY; this projection is not a formal privacy guarantee and does not transfer original Q6 residential-risk claims
bin__switch__bedroom_linencloset__active,iot_binary,pass,bernoulli_iid,keep_warning_governed,public_source_synthetic_projection,Smart* source is public/CC-BY; this projection is not a formal privacy guarantee and does not transfer original Q6 residential-risk claims
bin__switch__bedroom_maincloset__active,iot_binary,pass,bernoulli_iid,keep_warning_governed,public_source_synthetic_projection,Smart* source is public/CC-BY; this projection is not a formal privacy guarantee and does not transfer original Q6 residential-risk claims
bin__switch__frontporch_light__active,iot_binary,pass,bernoulli_iid,keep_warning_governed,public_source_synthetic_projection,Smart* source is public/CC-BY; this projection is not a formal privacy guarantee and does not transfer original Q6 residential-risk claims
bin__switch__guest_lights__active,iot_binary,pass,bernoulli_iid,keep_warning_governed,public_source_synthetic_projection,Smart* source is public/CC-BY; this projection is not a formal privacy guarantee and does not transfer original Q6 residential-risk claims
bin__switch__guestbath_fan__active,iot_binary,pass,bernoulli_iid,keep_warning_governed,public_source_synthetic_projection,Smart* source is public/CC-BY; this projection is not a formal privacy guarantee and does not transfer original Q6 residential-risk claims
bin__switch__guestbath_overheadlight__active,iot_binary,pass,bernoulli_iid,keep_warning_governed,public_source_synthetic_projection,Smart* source is public/CC-BY; this projection is not a formal privacy guarantee and does not transfer original Q6 residential-risk claims
bin__switch__guestbath_sinklight__active,iot_binary,pass,bernoulli_iid,keep_warning_governed,public_source_synthetic_projection,Smart* source is public/CC-BY; this projection is not a formal privacy guarantee and does not transfer original Q6 residential-risk claims
bin__switch__hall_lights1__active,iot_binary,pass,bernoulli_iid,keep_warning_governed,public_source_synthetic_projection,Smart* source is public/CC-BY; this projection is not a formal privacy guarantee and does not transfer original Q6 residential-risk claims
bin__switch__kitchen_lights__active,iot_binary,pass,bernoulli_iid,keep_warning_governed,public_source_synthetic_projection,Smart* source is public/CC-BY; this projection is not a formal privacy guarantee and does not transfer original Q6 residential-risk claims
bin__switch__kitchen_sink__active,iot_binary,pass,bernoulli_iid,keep_warning_governed,public_source_synthetic_projection,Smart* source is public/CC-BY; this projection is not a formal privacy guarantee and does not transfer original Q6 residential-risk claims
bin__switch__kitchenhall_lights1__active,iot_binary,pass,bernoulli_iid,keep_warning_governed,public_source_synthetic_projection,Smart* source is public/CC-BY; this projection is not a formal privacy guarantee and does not transfer original Q6 residential-risk claims
bin__switch__livingroom_dininglights__active,iot_binary,pass,bernoulli_iid,keep_warning_governed,public_source_synthetic_projection,Smart* source is public/CC-BY; this projection is not a formal privacy guarantee and does not transfer original Q6 residential-risk claims
bin__switch__livingroom_firelights__active,iot_binary,pass,bernoulli_iid,keep_warning_governed,public_source_synthetic_projection,Smart* source is public/CC-BY; this projection is not a formal privacy guarantee and does not transfer original Q6 residential-risk claims
bin__switch__livingroom_lights1__active,iot_binary,pass,bernoulli_iid,keep_warning_governed,public_source_synthetic_projection,Smart* source is public/CC-BY; this projection is not a formal privacy guarantee and does not transfer original Q6 residential-risk claims
bin__switch__livingroom_sideporch__active,iot_binary,pass,bernoulli_iid,keep_warning_governed,public_source_synthetic_projection,Smart* source is public/CC-BY; this projection is not a formal privacy guarantee and does not transfer original Q6 residential-risk claims
bin__switch__master_dcloset__active,iot_binary,pass,bernoulli_iid,keep_warning_governed,public_source_synthetic_projection,Smart* source is public/CC-BY; this projection is not a formal privacy guarantee and does not transfer original Q6 residential-risk claims
bin__switch__master_jcloset__active,iot_binary,pass,bernoulli_iid,keep_warning_governed,public_source_synthetic_projection,Smart* source is public/CC-BY; this projection is not a formal privacy guarantee and does not transfer original Q6 residential-risk claims
bin__switch__master_lights__active,iot_binary,pass,bernoulli_iid,keep_warning_governed,public_source_synthetic_projection,Smart* source is public/CC-BY; this projection is not a formal privacy guarantee and does not transfer original Q6 residential-risk claims
bin__switch__masterbath_fan__active,iot_binary,pass,bernoulli_iid,keep_warning_governed,public_source_synthetic_projection,Smart* source is public/CC-BY; this projection is not a formal privacy guarantee and does not transfer original Q6 residential-risk claims
bin__switch__masterbath_overheadlight__active,iot_binary,pass,bernoulli_iid,keep_warning_governed,public_source_synthetic_projection,Smart* source is public/CC-BY; this projection is not a formal privacy guarantee and does not transfer original Q6 residential-risk claims
bin__switch__masterbath_sinklight__active,iot_binary,pass,bernoulli_iid,keep_warning_governed,public_source_synthetic_projection,Smart* source is public/CC-BY; this projection is not a formal privacy guarantee and does not transfer original Q6 residential-risk claims
bin__switch__stairs_lights1__active,iot_binary,pass,bernoulli_iid,keep_warning_governed,public_source_synthetic_projection,Smart* source is public/CC-BY; this projection is not a formal privacy guarantee and does not transfer original Q6 residential-risk claims
drv__door__kitchen_refrigerator__active__rising_edge,iot_driver,pass,event_block_bootstrap,keep_warning_governed,public_source_synthetic_projection,Smart* source is public/CC-BY; this projection is not a formal privacy guarantee and does not transfer original Q6 residential-risk claims
drv__door__kitchen_refrigerator__active__state_change,iot_driver,warning,event_block_bootstrap,keep_warning_governed,public_source_synthetic_projection,Smart* source is public/CC-BY; this projection is not a formal privacy guarantee and does not transfer original Q6 residential-risk claims
drv__door__kitchen_refrigerator__reported_event,iot_driver,warning,event_block_bootstrap,keep_warning_governed,public_source_synthetic_projection,Smart* source is public/CC-BY; this projection is not a formal privacy guarantee and does not transfer original Q6 residential-risk claims
drv__furnace__livingroom_wall__active__rising_edge,iot_driver,fatal,minute_of_day_bernoulli,exclude_from_smoke_release_projection,public_source_synthetic_projection,Smart* source is public/CC-BY; this projection is not a formal privacy guarantee and does not transfer original Q6 residential-risk claims
drv__furnace__livingroom_wall__active__state_change,iot_driver,fatal,bernoulli_iid,exclude_from_smoke_release_projection,public_source_synthetic_projection,Smart* source is public/CC-BY; this projection is not a formal privacy guarantee and does not transfer original Q6 residential-risk claims
drv__furnace__livingroom_wall__reported_event,iot_driver,fatal,minute_of_day_bernoulli,exclude_from_smoke_release_projection,public_source_synthetic_projection,Smart* source is public/CC-BY; this projection is not a formal privacy guarantee and does not transfer original Q6 residential-risk claims
drv__furnace__master_wall__active__rising_edge,iot_driver,fatal,event_block_bootstrap,exclude_from_smoke_release_projection,public_source_synthetic_projection,Smart* source is public/CC-BY; this projection is not a formal privacy guarantee and does not transfer original Q6 residential-risk claims
drv__furnace__master_wall__active__state_change,iot_driver,fatal,minute_of_day_bernoulli,exclude_from_smoke_release_projection,public_source_synthetic_projection,Smart* source is public/CC-BY; this projection is not a formal privacy guarantee and does not transfer original Q6 residential-risk claims
drv__furnace__master_wall__reported_event,iot_driver,fatal,minute_of_day_bernoulli,exclude_from_smoke_release_projection,public_source_synthetic_projection,Smart* source is public/CC-BY; this projection is not a formal privacy guarantee and does not transfer original Q6 residential-risk claims
drv__motion__basement_corner__active__rising_edge,iot_driver,warning,event_block_bootstrap,keep_warning_governed,public_source_synthetic_projection,Smart* source is public/CC-BY; this projection is not a formal privacy guarantee and does not transfer original Q6 residential-risk claims
drv__motion__basement_corner__active__state_change,iot_driver,pass,event_block_bootstrap,keep_warning_governed,public_source_synthetic_projection,Smart* source is public/CC-BY; this projection is not a formal privacy guarantee and does not transfer original Q6 residential-risk claims
drv__motion__basement_corner__reported_event,iot_driver,pass,event_block_bootstrap,keep_warning_governed,public_source_synthetic_projection,Smart* source is public/CC-BY; this projection is not a formal privacy guarantee and does not transfer original Q6 residential-risk claims
drv__motion__bedroom_corner__active__rising_edge,iot_driver,fatal,bernoulli_iid,exclude_from_smoke_release_projection,public_source_synthetic_projection,Smart* source is public/CC-BY; this projection is not a formal privacy guarantee and does not transfer original Q6 residential-risk claims
drv__motion__bedroom_corner__active__state_change,iot_driver,fatal,bernoulli_iid,exclude_from_smoke_release_projection,public_source_synthetic_projection,Smart* source is public/CC-BY; this projection is not a formal privacy guarantee and does not transfer original Q6 residential-risk claims
drv__motion__bedroom_corner__reported_event,iot_driver,warning,event_block_bootstrap,keep_warning_governed,public_source_synthetic_projection,Smart* source is public/CC-BY; this projection is not a formal privacy guarantee and does not transfer original Q6 residential-risk claims
drv__motion__guest_corner__active__rising_edge,iot_driver,fatal,minute_of_day_bernoulli,exclude_from_smoke_release_projection,public_source_synthetic_projection,Smart* source is public/CC-BY; this projection is not a formal privacy guarantee and does not transfer original Q6 residential-risk claims
drv__motion__guest_corner__active__state_change,iot_driver,fatal,bernoulli_iid,exclude_from_smoke_release_projection,public_source_synthetic_projection,Smart* source is public/CC-BY; this projection is not a formal privacy guarantee and does not transfer original Q6 residential-risk claims
drv__motion__guest_corner__reported_event,iot_driver,warning,event_block_bootstrap,keep_warning_governed,public_source_synthetic_projection,Smart* source is public/CC-BY; this projection is not a formal privacy guarantee and does not transfer original Q6 residential-risk claims
drv__motion__kitchen_corner__active__rising_edge,iot_driver,warning,event_block_bootstrap,keep_warning_governed,public_source_synthetic_projection,Smart* source is public/CC-BY; this projection is not a formal privacy guarantee and does not transfer original Q6 residential-risk claims
drv__motion__kitchen_corner__active__state_change,iot_driver,warning,event_block_bootstrap,keep_warning_governed,public_source_synthetic_projection,Smart* source is public/CC-BY; this projection is not a formal privacy guarantee and does not transfer original Q6 residential-risk claims
drv__motion__kitchen_corner__reported_event,iot_driver,warning,event_block_bootstrap,keep_warning_governed,public_source_synthetic_projection,Smart* source is public/CC-BY; this projection is not a formal privacy guarantee and does not transfer original Q6 residential-risk claims
drv__motion__livingroom_corner__active__rising_edge,iot_driver,pass,event_block_bootstrap,keep_warning_governed,public_source_synthetic_projection,Smart* source is public/CC-BY; this projection is not a formal privacy guarantee and does not transfer original Q6 residential-risk claims
drv__motion__livingroom_corner__active__state_change,iot_driver,pass,event_block_bootstrap,keep_warning_governed,public_source_synthetic_projection,Smart* source is public/CC-BY; this projection is not a formal privacy guarantee and does not transfer original Q6 residential-risk claims
drv__motion__livingroom_corner__reported_event,iot_driver,fatal,minute_of_day_bernoulli,exclude_from_smoke_release_projection,public_source_synthetic_projection,Smart* source is public/CC-BY; this projection is not a formal privacy guarantee and does not transfer original Q6 residential-risk claims
drv__motion__master_corner__active__rising_edge,iot_driver,pass,event_block_bootstrap,keep_warning_governed,public_source_synthetic_projection,Smart* source is public/CC-BY; this projection is not a formal privacy guarantee and does not transfer original Q6 residential-risk claims
drv__motion__master_corner__active__state_change,iot_driver,pass,event_block_bootstrap,keep_warning_governed,public_source_synthetic_projection,Smart* source is public/CC-BY; this projection is not a formal privacy guarantee and does not transfer original Q6 residential-risk claims
drv__motion__master_corner__reported_event,iot_driver,pass,event_block_bootstrap,keep_warning_governed,public_source_synthetic_projection,Smart* source is public/CC-BY; this projection is not a formal privacy guarantee and does not transfer original Q6 residential-risk claims
drv__switch__bedroom_closet__active__rising_edge,iot_driver,pass,bernoulli_iid,keep_warning_governed,public_source_synthetic_projection,Smart* source is public/CC-BY; this projection is not a formal privacy guarantee and does not transfer original Q6 residential-risk claims
drv__switch__bedroom_closet__active__state_change,iot_driver,pass,bernoulli_iid,keep_warning_governed,public_source_synthetic_projection,Smart* source is public/CC-BY; this projection is not a formal privacy guarantee and does not transfer original Q6 residential-risk claims
drv__switch__bedroom_closet__reported_event,iot_driver,pass,event_block_bootstrap,keep_warning_governed,public_source_synthetic_projection,Smart* source is public/CC-BY; this projection is not a formal privacy guarantee and does not transfer original Q6 residential-risk claims
drv__switch__bedroom_lights__active__rising_edge,iot_driver,pass,bernoulli_iid,keep_warning_governed,public_source_synthetic_projection,Smart* source is public/CC-BY; this projection is not a formal privacy guarantee and does not transfer original Q6 residential-risk claims
drv__switch__bedroom_lights__active__state_change,iot_driver,pass,bernoulli_iid,keep_warning_governed,public_source_synthetic_projection,Smart* source is public/CC-BY; this projection is not a formal privacy guarantee and does not transfer original Q6 residential-risk claims
drv__switch__bedroom_lights__reported_event,iot_driver,pass,event_block_bootstrap,keep_warning_governed,public_source_synthetic_projection,Smart* source is public/CC-BY; this projection is not a formal privacy guarantee and does not transfer original Q6 residential-risk claims
drv__switch__bedroom_linencloset__active__rising_edge,iot_driver,pass,bernoulli_iid,keep_warning_governed,public_source_synthetic_projection,Smart* source is public/CC-BY; this projection is not a formal privacy guarantee and does not transfer original Q6 residential-risk claims
drv__switch__bedroom_linencloset__active__state_change,iot_driver,pass,bernoulli_iid,keep_warning_governed,public_source_synthetic_projection,Smart* source is public/CC-BY; this projection is not a formal privacy guarantee and does not transfer original Q6 residential-risk claims
drv__switch__bedroom_linencloset__reported_event,iot_driver,pass,event_block_bootstrap,keep_warning_governed,public_source_synthetic_projection,Smart* source is public/CC-BY; this projection is not a formal privacy guarantee and does not transfer original Q6 residential-risk claims
drv__switch__bedroom_maincloset__active__rising_edge,iot_driver,pass,bernoulli_iid,keep_warning_governed,public_source_synthetic_projection,Smart* source is public/CC-BY; this projection is not a formal privacy guarantee and does not transfer original Q6 residential-risk claims
drv__switch__bedroom_maincloset__active__state_change,iot_driver,pass,bernoulli_iid,keep_warning_governed,public_source_synthetic_projection,Smart* source is public/CC-BY; this projection is not a formal privacy guarantee and does not transfer original Q6 residential-risk claims
drv__switch__bedroom_maincloset__reported_event,iot_driver,pass,event_block_bootstrap,keep_warning_governed,public_source_synthetic_projection,Smart* source is public/CC-BY; this projection is not a formal privacy guarantee and does not transfer original Q6 residential-risk claims
drv__switch__frontporch_light__active__rising_edge,iot_driver,pass,bernoulli_iid,keep_warning_governed,public_source_synthetic_projection,Smart* source is public/CC-BY; this projection is not a formal privacy guarantee and does not transfer original Q6 residential-risk claims
drv__switch__frontporch_light__active__state_change,iot_driver,pass,bernoulli_iid,keep_warning_governed,public_source_synthetic_projection,Smart* source is public/CC-BY; this projection is not a formal privacy guarantee and does not transfer original Q6 residential-risk claims
drv__switch__frontporch_light__reported_event,iot_driver,pass,event_block_bootstrap,keep_warning_governed,public_source_synthetic_projection,Smart* source is public/CC-BY; this projection is not a formal privacy guarantee and does not transfer original Q6 residential-risk claims
drv__switch__guest_lights__active__rising_edge,iot_driver,pass,bernoulli_iid,keep_warning_governed,public_source_synthetic_projection,Smart* source is public/CC-BY; this projection is not a formal privacy guarantee and does not transfer original Q6 residential-risk claims
drv__switch__guest_lights__active__state_change,iot_driver,pass,bernoulli_iid,keep_warning_governed,public_source_synthetic_projection,Smart* source is public/CC-BY; this projection is not a formal privacy guarantee and does not transfer original Q6 residential-risk claims
drv__switch__guest_lights__reported_event,iot_driver,pass,event_block_bootstrap,keep_warning_governed,public_source_synthetic_projection,Smart* source is public/CC-BY; this projection is not a formal privacy guarantee and does not transfer original Q6 residential-risk claims
drv__switch__guestbath_fan__active__rising_edge,iot_driver,pass,bernoulli_iid,keep_warning_governed,public_source_synthetic_projection,Smart* source is public/CC-BY; this projection is not a formal privacy guarantee and does not transfer original Q6 residential-risk claims
drv__switch__guestbath_fan__active__state_change,iot_driver,pass,bernoulli_iid,keep_warning_governed,public_source_synthetic_projection,Smart* source is public/CC-BY; this projection is not a formal privacy guarantee and does not transfer original Q6 residential-risk claims
drv__switch__guestbath_fan__reported_event,iot_driver,warning,event_block_bootstrap,keep_warning_governed,public_source_synthetic_projection,Smart* source is public/CC-BY; this projection is not a formal privacy guarantee and does not transfer original Q6 residential-risk claims
drv__switch__guestbath_overheadlight__active__rising_edge,iot_driver,pass,bernoulli_iid,keep_warning_governed,public_source_synthetic_projection,Smart* source is public/CC-BY; this projection is not a formal privacy guarantee and does not transfer original Q6 residential-risk claims
drv__switch__guestbath_overheadlight__active__state_change,iot_driver,pass,bernoulli_iid,keep_warning_governed,public_source_synthetic_projection,Smart* source is public/CC-BY; this projection is not a formal privacy guarantee and does not transfer original Q6 residential-risk claims
drv__switch__guestbath_overheadlight__reported_event,iot_driver,pass,event_block_bootstrap,keep_warning_governed,public_source_synthetic_projection,Smart* source is public/CC-BY; this projection is not a formal privacy guarantee and does not transfer original Q6 residential-risk claims
drv__switch__guestbath_sinklight__active__rising_edge,iot_driver,pass,bernoulli_iid,keep_warning_governed,public_source_synthetic_projection,Smart* source is public/CC-BY; this projection is not a formal privacy guarantee and does not transfer original Q6 residential-risk claims
drv__switch__guestbath_sinklight__active__state_change,iot_driver,pass,bernoulli_iid,keep_warning_governed,public_source_synthetic_projection,Smart* source is public/CC-BY; this projection is not a formal privacy guarantee and does not transfer original Q6 residential-risk claims
drv__switch__guestbath_sinklight__reported_event,iot_driver,pass,event_block_bootstrap,keep_warning_governed,public_source_synthetic_projection,Smart* source is public/CC-BY; this projection is not a formal privacy guarantee and does not transfer original Q6 residential-risk claims
drv__switch__hall_lights1__active__rising_edge,iot_driver,pass,bernoulli_iid,keep_warning_governed,public_source_synthetic_projection,Smart* source is public/CC-BY; this projection is not a formal privacy guarantee and does not transfer original Q6 residential-risk claims
drv__switch__hall_lights1__active__state_change,iot_driver,pass,bernoulli_iid,keep_warning_governed,public_source_synthetic_projection,Smart* source is public/CC-BY; this projection is not a formal privacy guarantee and does not transfer original Q6 residential-risk claims
drv__switch__hall_lights1__reported_event,iot_driver,pass,event_block_bootstrap,keep_warning_governed,public_source_synthetic_projection,Smart* source is public/CC-BY; this projection is not a formal privacy guarantee and does not transfer original Q6 residential-risk claims
drv__switch__kitchen_lights__active__rising_edge,iot_driver,pass,bernoulli_iid,keep_warning_governed,public_source_synthetic_projection,Smart* source is public/CC-BY; this projection is not a formal privacy guarantee and does not transfer original Q6 residential-risk claims
drv__switch__kitchen_lights__active__state_change,iot_driver,pass,bernoulli_iid,keep_warning_governed,public_source_synthetic_projection,Smart* source is public/CC-BY; this projection is not a formal privacy guarantee and does not transfer original Q6 residential-risk claims
drv__switch__kitchen_lights__reported_event,iot_driver,pass,event_block_bootstrap,keep_warning_governed,public_source_synthetic_projection,Smart* source is public/CC-BY; this projection is not a formal privacy guarantee and does not transfer original Q6 residential-risk claims
drv__switch__kitchen_sink__active__rising_edge,iot_driver,pass,bernoulli_iid,keep_warning_governed,public_source_synthetic_projection,Smart* source is public/CC-BY; this projection is not a formal privacy guarantee and does not transfer original Q6 residential-risk claims
drv__switch__kitchen_sink__active__state_change,iot_driver,pass,bernoulli_iid,keep_warning_governed,public_source_synthetic_projection,Smart* source is public/CC-BY; this projection is not a formal privacy guarantee and does not transfer original Q6 residential-risk claims
drv__switch__kitchen_sink__reported_event,iot_driver,pass,event_block_bootstrap,keep_warning_governed,public_source_synthetic_projection,Smart* source is public/CC-BY; this projection is not a formal privacy guarantee and does not transfer original Q6 residential-risk claims
drv__switch__kitchenhall_lights1__active__rising_edge,iot_driver,pass,bernoulli_iid,keep_warning_governed,public_source_synthetic_projection,Smart* source is public/CC-BY; this projection is not a formal privacy guarantee and does not transfer original Q6 residential-risk claims
drv__switch__kitchenhall_lights1__active__state_change,iot_driver,pass,bernoulli_iid,keep_warning_governed,public_source_synthetic_projection,Smart* source is public/CC-BY; this projection is not a formal privacy guarantee and does not transfer original Q6 residential-risk claims
drv__switch__kitchenhall_lights1__reported_event,iot_driver,pass,event_block_bootstrap,keep_warning_governed,public_source_synthetic_projection,Smart* source is public/CC-BY; this projection is not a formal privacy guarantee and does not transfer original Q6 residential-risk claims
drv__switch__livingroom_dininglights__active__rising_edge,iot_driver,pass,bernoulli_iid,keep_warning_governed,public_source_synthetic_projection,Smart* source is public/CC-BY; this projection is not a formal privacy guarantee and does not transfer original Q6 residential-risk claims
drv__switch__livingroom_dininglights__active__state_change,iot_driver,pass,bernoulli_iid,keep_warning_governed,public_source_synthetic_projection,Smart* source is public/CC-BY; this projection is not a formal privacy guarantee and does not transfer original Q6 residential-risk claims
drv__switch__livingroom_dininglights__reported_event,iot_driver,fatal,event_block_bootstrap,exclude_from_smoke_release_projection,public_source_synthetic_projection,Smart* source is public/CC-BY; this projection is not a formal privacy guarantee and does not transfer original Q6 residential-risk claims
drv__switch__livingroom_firelights__active__rising_edge,iot_driver,pass,bernoulli_iid,keep_warning_governed,public_source_synthetic_projection,Smart* source is public/CC-BY; this projection is not a formal privacy guarantee and does not transfer original Q6 residential-risk claims
drv__switch__livingroom_firelights__active__state_change,iot_driver,pass,bernoulli_iid,keep_warning_governed,public_source_synthetic_projection,Smart* source is public/CC-BY; this projection is not a formal privacy guarantee and does not transfer original Q6 residential-risk claims
drv__switch__livingroom_firelights__reported_event,iot_driver,warning,minute_of_day_bernoulli,keep_warning_governed,public_source_synthetic_projection,Smart* source is public/CC-BY; this projection is not a formal privacy guarantee and does not transfer original Q6 residential-risk claims
drv__switch__livingroom_lights1__active__rising_edge,iot_driver,pass,bernoulli_iid,keep_warning_governed,public_source_synthetic_projection,Smart* source is public/CC-BY; this projection is not a formal privacy guarantee and does not transfer original Q6 residential-risk claims
drv__switch__livingroom_lights1__active__state_change,iot_driver,pass,bernoulli_iid,keep_warning_governed,public_source_synthetic_projection,Smart* source is public/CC-BY; this projection is not a formal privacy guarantee and does not transfer original Q6 residential-risk claims
drv__switch__livingroom_lights1__reported_event,iot_driver,warning,minute_of_day_bernoulli,keep_warning_governed,public_source_synthetic_projection,Smart* source is public/CC-BY; this projection is not a formal privacy guarantee and does not transfer original Q6 residential-risk claims
drv__switch__livingroom_sideporch__active__rising_edge,iot_driver,pass,bernoulli_iid,keep_warning_governed,public_source_synthetic_projection,Smart* source is public/CC-BY; this projection is not a formal privacy guarantee and does not transfer original Q6 residential-risk claims
drv__switch__livingroom_sideporch__active__state_change,iot_driver,pass,bernoulli_iid,keep_warning_governed,public_source_synthetic_projection,Smart* source is public/CC-BY; this projection is not a formal privacy guarantee and does not transfer original Q6 residential-risk claims
drv__switch__livingroom_sideporch__reported_event,iot_driver,fatal,bernoulli_iid,exclude_from_smoke_release_projection,public_source_synthetic_projection,Smart* source is public/CC-BY; this projection is not a formal privacy guarantee and does not transfer original Q6 residential-risk claims
drv__switch__master_dcloset__active__rising_edge,iot_driver,pass,bernoulli_iid,keep_warning_governed,public_source_synthetic_projection,Smart* source is public/CC-BY; this projection is not a formal privacy guarantee and does not transfer original Q6 residential-risk claims
drv__switch__master_dcloset__active__state_change,iot_driver,pass,bernoulli_iid,keep_warning_governed,public_source_synthetic_projection,Smart* source is public/CC-BY; this projection is not a formal privacy guarantee and does not transfer original Q6 residential-risk claims
drv__switch__master_dcloset__reported_event,iot_driver,pass,event_block_bootstrap,keep_warning_governed,public_source_synthetic_projection,Smart* source is public/CC-BY; this projection is not a formal privacy guarantee and does not transfer original Q6 residential-risk claims
drv__switch__master_jcloset__active__rising_edge,iot_driver,pass,bernoulli_iid,keep_warning_governed,public_source_synthetic_projection,Smart* source is public/CC-BY; this projection is not a formal privacy guarantee and does not transfer original Q6 residential-risk claims
drv__switch__master_jcloset__active__state_change,iot_driver,pass,bernoulli_iid,keep_warning_governed,public_source_synthetic_projection,Smart* source is public/CC-BY; this projection is not a formal privacy guarantee and does not transfer original Q6 residential-risk claims
drv__switch__master_jcloset__reported_event,iot_driver,pass,event_block_bootstrap,keep_warning_governed,public_source_synthetic_projection,Smart* source is public/CC-BY; this projection is not a formal privacy guarantee and does not transfer original Q6 residential-risk claims
drv__switch__master_lights__active__rising_edge,iot_driver,pass,bernoulli_iid,keep_warning_governed,public_source_synthetic_projection,Smart* source is public/CC-BY; this projection is not a formal privacy guarantee and does not transfer original Q6 residential-risk claims
drv__switch__master_lights__active__state_change,iot_driver,pass,bernoulli_iid,keep_warning_governed,public_source_synthetic_projection,Smart* source is public/CC-BY; this projection is not a formal privacy guarantee and does not transfer original Q6 residential-risk claims
drv__switch__master_lights__reported_event,iot_driver,pass,event_block_bootstrap,keep_warning_governed,public_source_synthetic_projection,Smart* source is public/CC-BY; this projection is not a formal privacy guarantee and does not transfer original Q6 residential-risk claims
drv__switch__masterbath_fan__active__rising_edge,iot_driver,pass,bernoulli_iid,keep_warning_governed,public_source_synthetic_projection,Smart* source is public/CC-BY; this projection is not a formal privacy guarantee and does not transfer original Q6 residential-risk claims
drv__switch__masterbath_fan__active__state_change,iot_driver,pass,bernoulli_iid,keep_warning_governed,public_source_synthetic_projection,Smart* source is public/CC-BY; this projection is not a formal privacy guarantee and does not transfer original Q6 residential-risk claims
drv__switch__masterbath_fan__reported_event,iot_driver,pass,event_block_bootstrap,keep_warning_governed,public_source_synthetic_projection,Smart* source is public/CC-BY; this projection is not a formal privacy guarantee and does not transfer original Q6 residential-risk claims
drv__switch__masterbath_overheadlight__active__rising_edge,iot_driver,pass,bernoulli_iid,keep_warning_governed,public_source_synthetic_projection,Smart* source is public/CC-BY; this projection is not a formal privacy guarantee and does not transfer original Q6 residential-risk claims
drv__switch__masterbath_overheadlight__active__state_change,iot_driver,pass,bernoulli_iid,keep_warning_governed,public_source_synthetic_projection,Smart* source is public/CC-BY; this projection is not a formal privacy guarantee and does not transfer original Q6 residential-risk claims
drv__switch__masterbath_overheadlight__reported_event,iot_driver,pass,event_block_bootstrap,keep_warning_governed,public_source_synthetic_projection,Smart* source is public/CC-BY; this projection is not a formal privacy guarantee and does not transfer original Q6 residential-risk claims
drv__switch__masterbath_sinklight__active__rising_edge,iot_driver,pass,bernoulli_iid,keep_warning_governed,public_source_synthetic_projection,Smart* source is public/CC-BY; this projection is not a formal privacy guarantee and does not transfer original Q6 residential-risk claims
drv__switch__masterbath_sinklight__active__state_change,iot_driver,pass,bernoulli_iid,keep_warning_governed,public_source_synthetic_projection,Smart* source is public/CC-BY; this projection is not a formal privacy guarantee and does not transfer original Q6 residential-risk claims
drv__switch__masterbath_sinklight__reported_event,iot_driver,pass,event_block_bootstrap,keep_warning_governed,public_source_synthetic_projection,Smart* source is public/CC-BY; this projection is not a formal privacy guarantee and does not transfer original Q6 residential-risk claims
drv__switch__stairs_lights1__active__rising_edge,iot_driver,pass,bernoulli_iid,keep_warning_governed,public_source_synthetic_projection,Smart* source is public/CC-BY; this projection is not a formal privacy guarantee and does not transfer original Q6 residential-risk claims
drv__switch__stairs_lights1__active__state_change,iot_driver,pass,bernoulli_iid,keep_warning_governed,public_source_synthetic_projection,Smart* source is public/CC-BY; this projection is not a formal privacy guarantee and does not transfer original Q6 residential-risk claims
drv__switch__stairs_lights1__reported_event,iot_driver,pass,event_block_bootstrap,keep_warning_governed,public_source_synthetic_projection,Smart* source is public/CC-BY; this projection is not a formal privacy guarantee and does not transfer original Q6 residential-risk claims
