features,candidate_c,truth,method,trials,supported,withheld,insufficient_evidence
2,0.05,acceptable,pooled,100,100,0,0
2,0.05,acceptable,per_feature,100,94,6,0
2,0.05,acceptable,same_evidence,100,94,6,0
2,0.05,acceptable,framework,100,94,6,0
2,0.045,acceptable,pooled,100,100,0,0
2,0.045,acceptable,per_feature,100,98,2,0
2,0.045,acceptable,same_evidence,100,97,3,0
2,0.045,acceptable,framework,100,97,3,0
2,0.03,unacceptable,pooled,100,100,0,0
2,0.03,unacceptable,per_feature,100,100,0,0
2,0.03,unacceptable,same_evidence,100,0,100,0
2,0.03,unacceptable,framework,100,0,100,0
2,0.0,unacceptable,pooled,100,100,0,0
2,0.0,unacceptable,per_feature,100,96,4,0
2,0.0,unacceptable,same_evidence,100,0,100,0
2,0.0,unacceptable,framework,100,0,100,0
8,0.05,acceptable,pooled,100,100,0,0
8,0.05,acceptable,per_feature,100,90,10,0
8,0.05,acceptable,same_evidence,100,90,10,0
8,0.05,acceptable,framework,100,90,10,0
8,0.045,acceptable,pooled,100,100,0,0
8,0.045,acceptable,per_feature,100,92,8,0
8,0.045,acceptable,same_evidence,100,88,12,0
8,0.045,acceptable,framework,100,88,12,0
8,0.03,unacceptable,pooled,100,100,0,0
8,0.03,unacceptable,per_feature,100,91,9,0
8,0.03,unacceptable,same_evidence,100,0,100,0
8,0.03,unacceptable,framework,100,0,100,0
8,0.0,unacceptable,pooled,100,100,0,0
8,0.0,unacceptable,per_feature,100,92,8,0
8,0.0,unacceptable,same_evidence,100,0,100,0
8,0.0,unacceptable,framework,100,0,100,0
32,0.05,acceptable,pooled,100,100,0,0
32,0.05,acceptable,per_feature,100,80,20,0
32,0.05,acceptable,same_evidence,100,80,20,0
32,0.05,acceptable,framework,100,80,20,0
32,0.045,acceptable,pooled,100,100,0,0
32,0.045,acceptable,per_feature,100,75,25,0
32,0.045,acceptable,same_evidence,100,72,28,0
32,0.045,acceptable,framework,100,72,28,0
32,0.03,unacceptable,pooled,100,100,0,0
32,0.03,unacceptable,per_feature,100,74,26,0
32,0.03,unacceptable,same_evidence,100,0,100,0
32,0.03,unacceptable,framework,100,0,100,0
32,0.0,unacceptable,pooled,100,100,0,0
32,0.0,unacceptable,per_feature,100,73,27,0
32,0.0,unacceptable,same_evidence,100,0,100,0
32,0.0,unacceptable,framework,100,0,100,0
