phase,features,n_rows,method,truth,trials,supported,withheld,insufficient_evidence,not_assessed
final,2,12000,pooled,acceptable,200,200,0,0,0
final,2,12000,per_feature,acceptable,200,192,8,0,0
final,2,12000,same_evidence,acceptable,200,191,9,0,0
final,2,12000,framework,acceptable,200,191,9,0,0
final,2,12000,pooled,unacceptable,200,200,0,0,0
final,2,12000,per_feature,unacceptable,200,196,4,0,0
final,2,12000,same_evidence,unacceptable,200,0,200,0,0
final,2,12000,framework,unacceptable,200,0,200,0,0
final,8,12000,pooled,acceptable,200,200,0,0,0
final,8,12000,per_feature,acceptable,200,182,18,0,0
final,8,12000,same_evidence,acceptable,200,178,22,0,0
final,8,12000,framework,acceptable,200,178,22,0,0
final,8,12000,pooled,unacceptable,200,200,0,0,0
final,8,12000,per_feature,unacceptable,200,183,17,0,0
final,8,12000,same_evidence,unacceptable,200,0,200,0,0
final,8,12000,framework,unacceptable,200,0,200,0,0
final,32,12000,pooled,acceptable,200,200,0,0,0
final,32,12000,per_feature,acceptable,200,155,45,0,0
final,32,12000,same_evidence,acceptable,200,152,48,0,0
final,32,12000,framework,acceptable,200,152,48,0,0
final,32,12000,pooled,unacceptable,200,200,0,0,0
final,32,12000,per_feature,unacceptable,200,147,53,0,0
final,32,12000,same_evidence,unacceptable,200,0,200,0,0
final,32,12000,framework,unacceptable,200,0,200,0,0
low_support,2,16,pooled,acceptable,200,0,0,200,0
low_support,2,16,per_feature,acceptable,200,0,0,200,0
low_support,2,16,same_evidence,acceptable,200,0,0,200,0
low_support,2,16,framework,acceptable,200,0,0,200,0
low_support,2,16,pooled,unacceptable,200,0,0,200,0
low_support,2,16,per_feature,unacceptable,200,0,0,200,0
low_support,2,16,same_evidence,unacceptable,200,0,0,200,0
low_support,2,16,framework,unacceptable,200,0,0,200,0
