blind_row_id,feature_name,role
AMBIG_0000,iot__events_entity_unique,iot_continuous
AMBIG_0001,iot__events_total,iot_continuous
AMBIG_0002,iot__events_update_any,iot_binary
AMBIG_0003,events_in_sec__feat__coffee_maker_local_control__binary_sensor__state,iot_driver
AMBIG_0004,iot__door_window_sensor_pid_005__sensor__trigger_count__value,iot_continuous
AMBIG_0005,iot__door_window_sensor_pid_007__sensor__trigger_count__value,iot_continuous
AMBIG_0006,iot__water_leak_sensor_pid_083__sensor__trigger_count__value,iot_continuous
AMBIG_0007,iot__tier_present,iot_observability
AMBIG_0008,iot__mi_box__media_player__state__volume_level,iot_continuous
AMBIG_0009,iot__smart_light_pid_002__light__state__brightness,iot_continuous
AMBIG_0010,iot__smart_light_pid_002__light__state__color_temp,iot_continuous
AMBIG_0011,iot__smart_light_pid_002__light__state__color_temp_kelvin,iot_continuous
AMBIG_0012,iot__smart_light_pid_002__light__state__rgb_color,iot_continuous
AMBIG_0013,iot__smart_light_strip_pid_147__light__state__brightness,iot_continuous
AMBIG_0014,iot__smart_light_strip_pid_147__light__state__rgb_color,iot_continuous
AMBIG_0015,iot__coffee_maker_bean_container_empty__sensor__state__value,iot_binary
AMBIG_0016,iot__coffee_maker_drip_tray_full__sensor__state__value,iot_binary
AMBIG_0017,iot__coffee_maker_fill_quantity__number__state__value,iot_continuous
AMBIG_0018,iot__coffee_maker_water_tank_empty__sensor__state__value,iot_binary
AMBIG_0019,iot__lifx_color_6757ce__light__state__value,iot_binary
AMBIG_0020,iot__mi_box__media_player__state__value,iot_binary
AMBIG_0021,iot__mi_box__remote__state__value,iot_binary
AMBIG_0022,iot__motion_sensor_pid_062__update__state__value,iot_binary
AMBIG_0023,iot__s5_max_cleaning_area__sensor__state__value,iot_continuous
AMBIG_0024,iot__s5_max_cleaning_time__sensor__state__value,iot_continuous
AMBIG_0025,iot__s5_max_filter_time_left__sensor__state__value,iot_continuous
AMBIG_0026,iot__s5_max_main_brush_time_left__sensor__state__value,iot_continuous
AMBIG_0027,iot__s5_max_sensor_time_left__sensor__state__value,iot_continuous
AMBIG_0028,iot__s5_max_side_brush_time_left__sensor__state__value,iot_continuous
AMBIG_0029,iot__s5_max_total_cleaning_area__sensor__state__value,iot_continuous
AMBIG_0030,iot__s5_max_total_cleaning_count__sensor__state__value,iot_continuous
AMBIG_0031,iot__s5_max_total_cleaning_time__sensor__state__value,iot_continuous
AMBIG_0032,iot__smart_light_pid_002__light__state__value,iot_binary
AMBIG_0033,iot__smart_light_pid_002__update__state__value,iot_binary
AMBIG_0034,iot__smart_light_pid_012__light__state__value,iot_binary
AMBIG_0035,iot__smart_light_pid_012__update__state__value,iot_binary
AMBIG_0036,iot__smart_light_strip_pid_147__light__state__value,iot_binary
AMBIG_0037,iot__smart_light_strip_pid_147__update__state__value,iot_binary
AMBIG_0038,iot__smart_plug_power_protection__number__state__value,iot_binary
AMBIG_0039,iot__smart_plug_ps5_power_protection__number__state__value,iot_binary
AMBIG_0040,iot__smart_plug_ps5_turn_off_in__number__state__value,iot_continuous
AMBIG_0041,iot__smart_plug_turn_off_in__number__state__value,iot_continuous
AMBIG_0042,iot__withings_average_heart_rate__sensor__state__value,iot_continuous
AMBIG_0043,iot__withings_average_respiratory_rate__sensor__state__value,iot_continuous
AMBIG_0044,iot__withings_breathing_disturbances_intensity__sensor__state__value,iot_continuous
AMBIG_0045,iot__withings_deep_sleep__sensor__state__value,iot_continuous
AMBIG_0046,iot__withings_light_sleep__sensor__state__value,iot_continuous
AMBIG_0047,iot__withings_maximum_heart_rate__sensor__state__value,iot_continuous
AMBIG_0048,iot__withings_maximum_respiratory_rate__sensor__state__value,iot_continuous
AMBIG_0049,iot__withings_minimum_heart_rate__sensor__state__value,iot_continuous
AMBIG_0050,iot__withings_minimum_respiratory_rate__sensor__state__value,iot_continuous
AMBIG_0051,iot__withings_rem_sleep__sensor__state__value,iot_continuous
AMBIG_0052,iot__withings_sleep_score__sensor__state__value,iot_continuous
AMBIG_0053,iot__withings_snoring__sensor__state__value,iot_continuous
AMBIG_0054,iot__withings_snoring_episode_count__sensor__state__value,iot_continuous
AMBIG_0055,iot__withings_time_to_sleep__sensor__state__value,iot_continuous
AMBIG_0056,iot__withings_time_to_wakeup__sensor__state__value,iot_continuous
AMBIG_0057,iot__withings_wakeup_count__sensor__state__value,iot_continuous
AMBIG_0058,iot__withings_wakeup_time__sensor__state__value,iot_continuous
AMBIG_0059,iot__multipurpose_sensor_pid_003__binary_sensor__battery_low__state,iot_binary
AMBIG_0060,iot__multipurpose_sensor_pid_006__binary_sensor__battery_low__state,iot_binary
AMBIG_0061,iot__s5_max__vacuum__state__battery_level,iot_continuous
AMBIG_0062,iot__water_leak_sensor_pid_083__binary_sensor__battery_low__state,iot_binary
AMBIG_0063,iot__door_window_sensor_pid_005__sensor__battery__value,iot_continuous
AMBIG_0064,iot__door_window_sensor_pid_005__sensor__linkquality__value,iot_continuous
AMBIG_0065,iot__door_window_sensor_pid_005__sensor__voltage__value,iot_continuous
AMBIG_0066,iot__door_window_sensor_pid_007__sensor__battery__value,iot_continuous
AMBIG_0067,iot__door_window_sensor_pid_007__sensor__linkquality__value,iot_continuous
AMBIG_0068,iot__door_window_sensor_pid_007__sensor__voltage__value,iot_continuous
AMBIG_0069,iot__door_window_sensor_pid_136__sensor__battery__value,iot_continuous
AMBIG_0070,iot__door_window_sensor_pid_136__sensor__linkquality__value,iot_continuous
AMBIG_0071,iot__door_window_sensor_pid_136__sensor__voltage__value,iot_continuous
AMBIG_0072,iot__kasa_smart_plug_pid_024__sensor__voltage__value,iot_continuous
AMBIG_0073,iot__lifx_color_6757ce__sensor__rssi__value,iot_continuous
AMBIG_0074,iot__motion_sensor_pid_008__sensor__battery__value,iot_continuous
AMBIG_0075,iot__motion_sensor_pid_008__sensor__linkquality__value,iot_continuous
AMBIG_0076,iot__motion_sensor_pid_062__sensor__battery__value,iot_continuous
AMBIG_0077,iot__motion_sensor_pid_062__sensor__linkquality__value,iot_continuous
AMBIG_0078,iot__motion_sensor_pid_075__sensor__battery__value,iot_continuous
AMBIG_0079,iot__motion_sensor_pid_075__sensor__linkquality__value,iot_continuous
AMBIG_0080,iot__motion_sensor_pid_075__sensor__voltage__value,iot_continuous
AMBIG_0081,iot__motion_sensor_pid_138__sensor__battery__value,iot_continuous
AMBIG_0082,iot__motion_sensor_pid_138__sensor__linkquality__value,iot_continuous
AMBIG_0083,iot__motion_sensor_pid_138__sensor__voltage__value,iot_continuous
AMBIG_0084,iot__multipurpose_sensor_pid_003__sensor__battery__value,iot_continuous
AMBIG_0085,iot__multipurpose_sensor_pid_003__sensor__linkquality__value,iot_continuous
AMBIG_0086,iot__multipurpose_sensor_pid_006__sensor__battery__value,iot_continuous
AMBIG_0087,iot__multipurpose_sensor_pid_006__sensor__linkquality__value,iot_continuous
AMBIG_0088,iot__s5_max__sensor__battery__value,iot_continuous
AMBIG_0089,iot__smart_light_pid_002__sensor__linkquality__value,iot_continuous
AMBIG_0090,iot__smart_light_strip_pid_147__sensor__linkquality__value,iot_continuous
AMBIG_0091,iot__smart_plug__sensor__voltage__value,iot_continuous
AMBIG_0092,iot__smart_plug_ps5__sensor__voltage__value,iot_continuous
AMBIG_0093,iot__temperature_and_humidity_pid_001__sensor__battery__value,iot_continuous
AMBIG_0094,iot__temperature_and_humidity_pid_001__sensor__linkquality__value,iot_continuous
AMBIG_0095,iot__temperature_and_humidity_pid_001__sensor__voltage__value,iot_continuous
AMBIG_0096,iot__temperature_and_humidity_pid_070__sensor__battery__value,iot_continuous
AMBIG_0097,iot__temperature_and_humidity_pid_070__sensor__linkquality__value,iot_continuous
AMBIG_0098,iot__temperature_and_humidity_pid_070__sensor__voltage__value,iot_continuous
AMBIG_0099,iot__temperature_and_humidity_pid_073__sensor__battery__value,iot_continuous
AMBIG_0100,iot__temperature_and_humidity_pid_073__sensor__linkquality__value,iot_continuous
AMBIG_0101,iot__temperature_and_humidity_pid_073__sensor__voltage__value,iot_continuous
AMBIG_0102,iot__unknown_70_ee_50_7a_e5_2c__sensor__rain_gauge_battery__value,iot_continuous
AMBIG_0103,iot__vibration_sensor_pid_078__sensor__battery__value,iot_continuous
AMBIG_0104,iot__vibration_sensor_pid_078__sensor__linkquality__value,iot_continuous
AMBIG_0105,iot__vibration_sensor_pid_078__sensor__voltage__value,iot_continuous
AMBIG_0106,iot__vibration_sensor_pid_079__sensor__battery__value,iot_continuous
AMBIG_0107,iot__vibration_sensor_pid_079__sensor__linkquality__value,iot_continuous
AMBIG_0108,iot__vibration_sensor_pid_079__sensor__voltage__value,iot_continuous
AMBIG_0109,iot__water_leak_sensor_pid_083__sensor__battery__value,iot_continuous
AMBIG_0110,iot__water_leak_sensor_pid_083__sensor__linkquality__value,iot_continuous
AMBIG_0111,iot__water_leak_sensor_pid_083__sensor__voltage__value,iot_continuous
AMBIG_0112,iot__wireless_mini_switch_pid_080__sensor__battery__value,iot_continuous
AMBIG_0113,iot__wireless_mini_switch_pid_080__sensor__linkquality__value,iot_continuous
AMBIG_0114,iot__wireless_mini_switch_pid_080__sensor__voltage__value,iot_continuous
