path,role,bytes,sha256
design_inputs/INPUT_LOCK.json,fixed_research_input,2298,96d167475faa35004413eed9fd28627c2a1bf3528f406c8d5997c34e0cd6ff0b
design_inputs/coupling_manifest_all.csv,fixed_research_input,10888,e635e47d528db069d131e7983f79f08d1a2338bb9676d0374c0e51d9e2f1e5b4
design_inputs/coupling_manifest_all.parquet,fixed_research_input,28611,e31223e8d06128261d7f9ca792cb314b2b743ee505ead82c1164fb16bfb2ffa6
design_inputs/coupling_manifest_meta.json,fixed_research_input,1630,0acc0bd7c0b7f30097f64c9567970e6cc4b59d43b4ec0a0953dd256bd56a737d
design_inputs/coupling_manifest_preview.json,fixed_research_input,8352,72a44926ca5a74b9dcf79cd5c7bf20ef35518e0b5cc2326d2c9f528dbf9adc38
design_inputs/coupling_manifest_tierA.csv,fixed_research_input,3218,205840a2459e890150c94390971ade2a8e2e7bf2a9f5e30e79cd5a042cdb3152
design_inputs/coupling_manifest_tierA.parquet,fixed_research_input,25866,3bd94ed9c5dc4b2f234c7afddb31dfb82b00a6e9c825c15c73bd4d33e5675c1b
design_inputs/coupling_manifest_tierB.csv,fixed_research_input,780,3fd97ea60001d800f5ff1ec36034f92ea4f115dbe30668c428c5f8280063331e
design_inputs/coupling_manifest_tierB.parquet,fixed_research_input,19620,928241e84a454bc30b05137d94036a7a7396d6df8540a60257ec9e3b58d35bc1
design_inputs/ctgan_encoding_policy.json,fixed_research_input,2368,5012fabb5cf84c3f7738a09abdcec723531a7c15ba7ca60bfc416eeab933e4dd
design_inputs/supporting_records/alignment_manifest_builder_input_train.json,fixed_research_input,1872,fe656b292897c5b158c89ea855e179cb8163ef16aa7dfcb2275a0f3a4b8ca922
design_inputs/supporting_records/alignment_manifest_builder_input_val.json,fixed_research_input,1869,354bfc2fafe6252f45c5550273c94d88653c130e2b54aee79ac84e739cbd0c15
design_inputs/supporting_records/alignment_replication_manifest_builder_input.json,fixed_research_input,2424,a20c9cca33d8b7cada1c294566909b8985c6746e5a52a90935363e847d566ecf
design_inputs/supporting_records/alignment_replication_train_val.csv,fixed_research_input,48576,5e0a40406b55fb5100c2bb05bb46284142c181a47498d60e51eb959271b6b50a
design_inputs/supporting_records/alignment_results_train.csv,fixed_research_input,83957,714cd0f90112e461a4152c4e7d629886a8fbe40383dd4426e938eeddbe529f3f
design_inputs/supporting_records/alignment_results_val.csv,fixed_research_input,67588,0a3e7b55f357143ca2905eed73625703f31d9cac3d5514ba5a81e17abcdabaa3
reference/author_feature_roles.csv,comparison_or_annotation,9100,10ee3669af021df97ba32c6ee5483127b30967ac14d68c2e0924c84bd03c837e
reference/current/paper_reference_v1.json,comparison_or_annotation,85915,40b25bb5bd94c7a357349693a9bf54d6ed9bca0d59218d9aca835e2c843762f4
reference/current/q5_scores.csv,comparison_or_annotation,1078,b4222fdd405c572793493dcca326626068e54762b81d8726788426e3146c300a
reference/current/window_metrics.csv,comparison_or_annotation,325,a5c317119cf3ad3e8d77bad3a65eae87b686d08eb7a96232ed4fcd0b29b5fac9
reference/provenance/author_roles_provenance.json,comparison_or_annotation,435,31a058d6a287f3dd95533045a658201db4d9165d779d49b23735c9289d1aa09e
reference/provenance/q4_manifest_identity.json,comparison_or_annotation,1421,7ed0eced390303d54e7721a9e1d7d92ab1eff900cd6c910f0fae4102ba0a0963
reference/recovered/q6_conservative_public_column_registry.csv,comparison_or_annotation,6360,83c1b82d6f0930c55d7bfbf9e4f5f5b31cfe7085b53b2a7e3f6d464fd751cefe
public/reference/controlled/analytical_checks.csv,comparison_target,1458,90585367023b80775305918dda953e0b72e2e24c52ad65577e1ea19c8a4c80ce
public/reference/controlled/decision_by_setting.csv,comparison_target,2092,7faa528cbce4301b0ebc808e15b0daa48f2bbdb3d97ebb3a52c0ec758087a1e8
public/reference/controlled/policy_tests.csv,comparison_target,13941,34aeb4b2d4ab333decc6636b3436454b225e6f63dbb9f12890afda710d070da8
public/reference/controlled/protocol_frozen.json,comparison_target,1054,b06f59d1704680b45bdfbb171afb5cc7062a7f9bf7054f8ffac3e7b6d07867fd
public/reference/controlled/trial_results.csv,comparison_target,906193,ea2fe526b060c9360e7dc22359638f0f28a773e0f2ef49b71052f6910c5d16a8
public/reference/controlled/truth_by_decision.csv,comparison_target,1760,d6881fb3ad417be013eeee42a5e77ea9e2886f7d6b7b99b03fa684b636f4f356
public/reference/paper_plot_values.json,comparison_target,511,042c0680bf192f2ee0ff04df4d514788f66a2faf14483958371497b985c92423
public/reference/smartstar/branch_c2st_smoke_diagnostic.csv,comparison_target,202,7d11a18310d43023fe5a79f9a709680fbedada3355bb1ec9d4f133917b46cd31
public/reference/smartstar/branch_readiness_summary.csv,comparison_target,409,61d5f05e9b64f4aab7b31d068cf0c8e17ccc8b3873c072dc6e8b51cefd53d4ba
public/reference/smartstar/candidate_selection_val_only_ledger.csv,comparison_target,64175,892aaee200f33888b323c4de5c746885c1298ab74446a79f0ae130c899ed9a7e
public/reference/smartstar/feature_eligibility_train_val_only.csv,comparison_target,35308,de5cb937b065baf9e4fb4b1e5690e2e183ed5003bcd6974618cff55958b30fd2
public/reference/smartstar/q6_public_source_release_manifest.csv,comparison_target,83285,64885c580c83c13b0058eb621aabf0851c3ddcefd551d3a21b2cc2e8555685fe
public/reference/smartstar/split_manifest.csv,comparison_target,366,10e31a162a373eea244fa4985f430fed3b84cab047bab68e928787e52e6b81ed
public/reference/smartstar/test_evidence_q1_q2_q3_ledger.csv,comparison_target,66346,dfb31293ae9336d051ccaec21548f93080b676f1ab3b017eebffa8ddd30e75fa
public/reference/smartstar/transfer_policy_manifest_v0.json,comparison_target,3641,2ce1ac5e233a14c3381e5a1446deb7b33676db7d973aa066da137f63983ccc30
public/reference/toniot/toniot_aligned_windows_reference.csv.gz,comparison_target,1195991,55698701993dd79238286ca1b66cebcbd779517f3d4f62244470e136e75d0f2b
public/reference/toniot/toniot_chronological_split_manifest.csv,comparison_target,277,bb434765b922302d888b780bed533c16f9d036de4655fb08c29963d94368aeb0
public/reference/toniot/toniot_physical_q4_manifest_trainval_frozen.csv,comparison_target,14647,5180c9bdf240cacc1c418b8e2fdee3f2d681239e4aa7262f70c8e3fe8ccc8930
public/reference/toniot/toniot_physical_q4_test_event_response_audit.csv,comparison_target,15516,2efba676c7876febbce26196382a2c9f40c264884eadc58e72ed91c0cec86d59
public/reference/toniot/toniot_q6_release_scope_table_physical_q4.csv,comparison_target,24925,df130e45b2fe95efe4718a60b909c2f26a1a9877d84fadd7db4b8ef5cdcdd18b
public/reference/toniot/toniot_role_owner_manifest.csv,comparison_target,24393,f4e9c6300b53c43bd27fc1545ad2b545c77cfc27a1d38efc37a05fbaf909feda
environment/recorded_environment.lock.txt,environment_record,3153,a3d375a85280c3e42849541a898619738c81630b36bb530f7b2d1f455ec6fe74
environment/reference_environment.json,environment_record,556,65c688daf82204c5da2a55b4cd547743d65323898a56f03ea020d694e5e48fcc
environment/reference_environment_full.json,environment_record,4713,01d9e9a4cb1424d236a5184b5e7ab06529c35453e2c80b4dcb646a1073105ffb
environment/reference_hardware.json,environment_record,358,f12c820f941c4925b832413acb57872cf37e740b92541d8c3e2be6022895d9ba
environment/validated_versions.json,environment_record,411,729f022f81c04ec745310770bf8cfcecf616efa0f0e0e16b683e76a5c3015695
