col,public_ordinal,role_group,is_time,is_protocol,protocol_tier,is_iot,source_artifact,value_mutated,finite_rate,public_release_candidate,driver_release_eligible_corrected,driver_release_exclusion_reason,conservative_q6_sequence_gate,conservative_public_release_candidate,sequence_gate_value_mutated
sec_epoch_s__canon,0,time,True,False,,False,/path/to/input/cps_synth_v4_4_7_32_BINARY_V6_Q3V5_STUDY_FINAL_20260708_035653/synthetic/CPS_SYNTHETIC_TEST_FINAL_NO_Q4.parquet,False,1.0,True,,,block_sparse_driver_public_release,True,False
router__pkt_total,1,protocol_router,False,True,router,False,/path/to/input/cps_synth_v4_4_7_32_BINARY_V6_Q3V5_STUDY_FINAL_20260708_035653/synthetic/CPS_SYNTHETIC_TEST_FINAL_NO_Q4.parquet,False,0.9983329420051656,True,,,block_sparse_driver_public_release,True,False
router__bytes_total,2,protocol_router,False,True,router,False,/path/to/input/cps_synth_v4_4_7_32_BINARY_V6_Q3V5_STUDY_FINAL_20260708_035653/synthetic/CPS_SYNTHETIC_TEST_FINAL_NO_Q4.parquet,False,0.9983329420051656,True,,,block_sparse_driver_public_release,True,False
router__tcp_syn,3,protocol_router,False,True,router,False,/path/to/input/cps_synth_v4_4_7_32_BINARY_V6_Q3V5_STUDY_FINAL_20260708_035653/synthetic/CPS_SYNTHETIC_TEST_FINAL_NO_Q4.parquet,False,0.9983329420051656,True,,,block_sparse_driver_public_release,True,False
router__tcp_ack,4,protocol_router,False,True,router,False,/path/to/input/cps_synth_v4_4_7_32_BINARY_V6_Q3V5_STUDY_FINAL_20260708_035653/synthetic/CPS_SYNTHETIC_TEST_FINAL_NO_Q4.parquet,False,0.9983329420051656,True,,,block_sparse_driver_public_release,True,False
router__tcp_rst,5,protocol_router,False,True,router,False,/path/to/input/cps_synth_v4_4_7_32_BINARY_V6_Q3V5_STUDY_FINAL_20260708_035653/synthetic/CPS_SYNTHETIC_TEST_FINAL_NO_Q4.parquet,False,0.9983329420051656,True,,,block_sparse_driver_public_release,True,False
router__tcp_fin,6,protocol_router,False,True,router,False,/path/to/input/cps_synth_v4_4_7_32_BINARY_V6_Q3V5_STUDY_FINAL_20260708_035653/synthetic/CPS_SYNTHETIC_TEST_FINAL_NO_Q4.parquet,False,0.9983329420051656,True,,,block_sparse_driver_public_release,True,False
router__tcp_pkt,7,protocol_router,False,True,router,False,/path/to/input/cps_synth_v4_4_7_32_BINARY_V6_Q3V5_STUDY_FINAL_20260708_035653/synthetic/CPS_SYNTHETIC_TEST_FINAL_NO_Q4.parquet,False,0.9983329420051656,True,,,block_sparse_driver_public_release,True,False
router__udp_pkt,8,protocol_router,False,True,router,False,/path/to/input/cps_synth_v4_4_7_32_BINARY_V6_Q3V5_STUDY_FINAL_20260708_035653/synthetic/CPS_SYNTHETIC_TEST_FINAL_NO_Q4.parquet,False,0.9983329420051656,True,,,block_sparse_driver_public_release,True,False
router__icmp_pkt,9,protocol_router,False,True,router,False,/path/to/input/cps_synth_v4_4_7_32_BINARY_V6_Q3V5_STUDY_FINAL_20260708_035653/synthetic/CPS_SYNTHETIC_TEST_FINAL_NO_Q4.parquet,False,0.9983329420051656,True,,,block_sparse_driver_public_release,True,False
router__arp_pkt,10,protocol_router,False,True,router,False,/path/to/input/cps_synth_v4_4_7_32_BINARY_V6_Q3V5_STUDY_FINAL_20260708_035653/synthetic/CPS_SYNTHETIC_TEST_FINAL_NO_Q4.parquet,False,0.9983329420051656,True,,,block_sparse_driver_public_release,True,False
router__arp_req,11,protocol_router,False,True,router,False,/path/to/input/cps_synth_v4_4_7_32_BINARY_V6_Q3V5_STUDY_FINAL_20260708_035653/synthetic/CPS_SYNTHETIC_TEST_FINAL_NO_Q4.parquet,False,0.9983329420051656,True,,,block_sparse_driver_public_release,True,False
router__arp_reply,12,protocol_router,False,True,router,False,/path/to/input/cps_synth_v4_4_7_32_BINARY_V6_Q3V5_STUDY_FINAL_20260708_035653/synthetic/CPS_SYNTHETIC_TEST_FINAL_NO_Q4.parquet,False,0.9983329420051656,True,,,block_sparse_driver_public_release,True,False
router__dns_pkt,13,protocol_router,False,True,router,False,/path/to/input/cps_synth_v4_4_7_32_BINARY_V6_Q3V5_STUDY_FINAL_20260708_035653/synthetic/CPS_SYNTHETIC_TEST_FINAL_NO_Q4.parquet,False,0.9983329420051656,True,,,block_sparse_driver_public_release,True,False
router__dns_query,14,protocol_router,False,True,router,False,/path/to/input/cps_synth_v4_4_7_32_BINARY_V6_Q3V5_STUDY_FINAL_20260708_035653/synthetic/CPS_SYNTHETIC_TEST_FINAL_NO_Q4.parquet,False,0.9983329420051656,True,,,block_sparse_driver_public_release,True,False
router__dns_response,15,protocol_router,False,True,router,False,/path/to/input/cps_synth_v4_4_7_32_BINARY_V6_Q3V5_STUDY_FINAL_20260708_035653/synthetic/CPS_SYNTHETIC_TEST_FINAL_NO_Q4.parquet,False,0.9983329420051656,True,,,block_sparse_driver_public_release,True,False
router__dns_rcode0_ok,16,protocol_router,False,True,router,False,/path/to/input/cps_synth_v4_4_7_32_BINARY_V6_Q3V5_STUDY_FINAL_20260708_035653/synthetic/CPS_SYNTHETIC_TEST_FINAL_NO_Q4.parquet,False,0.9983329420051656,True,,,block_sparse_driver_public_release,True,False
router__dns_rcode3_nx,17,protocol_router,False,True,router,False,/path/to/input/cps_synth_v4_4_7_32_BINARY_V6_Q3V5_STUDY_FINAL_20260708_035653/synthetic/CPS_SYNTHETIC_TEST_FINAL_NO_Q4.parquet,False,0.9983329420051656,True,,,block_sparse_driver_public_release,True,False
router__dhcp_pkt,18,protocol_router,False,True,router,False,/path/to/input/cps_synth_v4_4_7_32_BINARY_V6_Q3V5_STUDY_FINAL_20260708_035653/synthetic/CPS_SYNTHETIC_TEST_FINAL_NO_Q4.parquet,False,0.9983329420051656,True,,,block_sparse_driver_public_release,True,False
zigbee__pkt_total,19,protocol_zigbee,False,True,zigbee,False,/path/to/input/cps_synth_v4_4_7_32_BINARY_V6_Q3V5_STUDY_FINAL_20260708_035653/synthetic/CPS_SYNTHETIC_TEST_FINAL_NO_Q4.parquet,False,0.9187563590827268,True,,,block_sparse_driver_public_release,True,False
zigbee__bytes_total,20,protocol_zigbee,False,True,zigbee,False,/path/to/input/cps_synth_v4_4_7_32_BINARY_V6_Q3V5_STUDY_FINAL_20260708_035653/synthetic/CPS_SYNTHETIC_TEST_FINAL_NO_Q4.parquet,False,0.9187563590827268,True,,,block_sparse_driver_public_release,True,False
zigbee__ack,21,protocol_zigbee,False,True,zigbee,False,/path/to/input/cps_synth_v4_4_7_32_BINARY_V6_Q3V5_STUDY_FINAL_20260708_035653/synthetic/CPS_SYNTHETIC_TEST_FINAL_NO_Q4.parquet,False,0.9187563590827268,True,,,block_sparse_driver_public_release,True,False
zigbee__cmd,22,protocol_zigbee,False,True,zigbee,False,/path/to/input/cps_synth_v4_4_7_32_BINARY_V6_Q3V5_STUDY_FINAL_20260708_035653/synthetic/CPS_SYNTHETIC_TEST_FINAL_NO_Q4.parquet,False,0.9187563590827268,True,,,block_sparse_driver_public_release,True,False
