split,anchor_col,anchor_name,n_anchor_events,signal,tier,pre_mean,immediate_mean,delayed_mean,outer_mean,delta_immediate_med,delta_delayed_med,sharpness_med,delta_immediate_mean,delta_delayed_mean,sharpness_mean,peak_lag_sec,peak_lag_value,z_immediate_vs_null,z_sharpness_vs_null,baseline_delta_immediate_mean,baseline_delta_immediate_std,baseline_sharpness_mean,baseline_sharpness_std,coverage_router_near,coverage_ota24_near,coverage_ota5_near,coverage_zigbee_near,coverage_zwave_near,coverage_iot_near,coverage_modality_near,low_modality_coverage_flag,frac_nonzero_signal_near,alignment_label,replication_priority
train,events_in_sec__entity__motion_sensor_pid_062,motion_sensor_pid_062,5164,router__pkt_total,router,209.17100816404027,208.42297955825578,226.32094930700586,217.55087905828745,-1.6333333333333342,-0.3133333333333326,-2.3566666666666665,-5.666634398192966,-1.317468538238141,-9.38505324298161,29,247.58021644199735,-0.6659183939150247,-1.9676243327745095,-1.380208333333335,0.38011414358423545,-1.7922916666666664,0.2868306671142787,0.9979587560792879,0.9995936559535752,0.9996349252707901,0.9315659483689098,0.0,0.2912661426521568,0.9979587560792879,0,0.9501971692134357,delayed_broad_response,0
train,events_in_sec__entity__motion_sensor_pid_062,motion_sensor_pid_062,5164,router__bytes_total,router,249507.01484083285,249113.9866147712,274164.82207708375,261586.3822897285,-506.73333333333323,-98.21999999999991,-739.0466666666669,-6101.546547273315,-1732.896064859631,-10265.58386092288,29,303202.18834250997,-1.9001618694575821,-3.906255184832513,-387.6843750000004,62.652008887704085,-519.38,56.23459202552979,0.9979587560792879,0.9995936559535752,0.9996349252707901,0.9315659483689098,0.0,0.2912661426521568,0.9979587560792879,0,0.9501971692134357,delayed_broad_response,0
train,events_in_sec__entity__motion_sensor_pid_062,motion_sensor_pid_062,5164,router__ip_dst_unique,router,3.3470286690715785,3.3935510410733496,3.362209986709701,3.3523903550408196,-0.06666666666666687,-0.026666666666666505,-0.08000000000000007,-0.04177960632462087,-0.021665053242981604,-0.047203936753791594,0,3.4769318397569773,0.2346584367054831,0.030358837035942526,-0.0760416666666667,0.039951685230760633,-0.08083333333333331,0.027449448486667624,0.9979587560792879,0.9995936559535752,0.9996349252707901,0.9315659483689098,0.0,0.2912661426521568,0.9979587560792879,0,0.8421766072811774,delayed_broad_response,0
train,events_in_sec__entity__motion_sensor_pid_062,motion_sensor_pid_062,5164,router__dst_port_unique,router,3.2770837288779187,3.2967217264730078,3.2867438769698123,3.2817960888551356,-0.10000000000000009,-0.020000000000000018,-0.1233333333333333,-0.07498386576314944,-0.021210067763794797,-0.09786382704098091,18,3.392253654831973,-0.38727151619225064,-0.8643325211229198,-0.08020833333333333,0.05110540238348362,-0.08750000000000005,0.04145780987944252,0.9979587560792879,0.9995936559535752,0.9996349252707901,0.9315659483689098,0.0,0.2912661426521568,0.9979587560792879,0,0.8348531793535666,delayed_broad_response,0
train,events_in_sec__entity__motion_sensor_pid_062,motion_sensor_pid_062,5164,router__tcp_syn,router,0.3752610594266185,0.3814631985317385,0.3656198974748434,0.37234099107651414,-0.06666666666666667,0.0,-0.1,-0.04263472087770246,-0.0055356566634398125,-0.05919490158115523,-28,0.5029428517182457,1.0000000000000004,-0.2581988897471613,-0.08333333333333334,0.01666666666666667,-0.09875,0.004841229182759272,0.9979587560792879,0.9995936559535752,0.9996349252707901,0.9315659483689098,0.0,0.2912661426521568,0.9979587560792879,0,0.08432504753186396,delayed_broad_response,0
train,events_in_sec__entity__motion_sensor_pid_062,motion_sensor_pid_062,5164,router__dns_pkt,router,1.1818239351939752,1.2514714258591229,1.21818872223277,1.200805012340991,-0.26666666666666666,-0.026666666666666616,-0.3066666666666667,-0.1396337528234915,-0.02712003872216843,-0.16517586318167152,13,1.4812986519840516,-0.4714045207910318,-0.2581988897471611,-0.25,0.03535533905932736,-0.29958333333333337,0.02743363203563586,0.9979587560792879,0.9995936559535752,0.9996349252707901,0.9315659483689098,0.0,0.2912661426521568,0.9979587560792879,0,0.17722343496936838,delayed_broad_response,0
train,events_in_sec__entity__motion_sensor_pid_062,motion_sensor_pid_062,5164,router__arp_pkt,router,2.3544649072843487,2.3384912347319786,2.360805012340991,2.3585190810708183,-0.033333333333333215,0.006666666666666821,-0.040000000000000036,-0.02029686995805096,0.008080025814778959,-0.029504678928686665,-27,2.4393392823239037,0.5170364906592859,0.3290700457988546,-0.052083333333333315,0.036264364969852546,-0.051458333333333287,0.03482034745981469,0.9979587560792879,0.9995936559535752,0.9996349252707901,0.9315659483689098,0.0,0.2912661426521568,0.9979587560792879,0,0.6756742482923739,delayed_broad_response,0
train,events_in_sec__entity__motion_sensor_pid_062,motion_sensor_pid_062,5164,ota24__pkt_total,ota24,23.167552686538823,22.605562939054494,23.339107651414462,23.26147332447313,-0.23333333333333428,-0.03999999999999915,-0.3133333333333326,-0.1317037754114231,-0.025664730558244586,-0.17219909648273626,22,25.310992975128155,0.08626621856274684,-0.4759044735984935,-0.2500000000000002,0.19320038532282746,-0.2395833333333336,0.15496807466916074,0.9979587560792879,0.9995936559535752,0.9996349252707901,0.9315659483689098,0.0,0.2912661426521568,0.9995936559535752,0,0.9994014506020701,delayed_broad_response,0
train,events_in_sec__entity__motion_sensor_pid_062,motion_sensor_pid_062,5164,ota24__bytes_total,ota24,7413.029118410227,6749.649294348459,7587.826694513005,7503.6355420543005,-112.19999999999982,-29.563333333333503,-137.10666666666657,-51.71481929654727,-14.589244917715394,-66.18607615359788,22,10194.365483197265,-0.7569296034767179,-1.2868951157961643,-86.5395833333334,33.900664670536564,-75.51333333333335,47.86196837434357,0.9979587560792879,0.9995936559535752,0.9996349252707901,0.9315659483689098,0.0,0.2912661426521568,0.9995936559535752,0,0.9994014506020701,delayed_broad_response,0
train,events_in_sec__entity__motion_sensor_pid_062,motion_sensor_pid_062,5164,ota5__pkt_total,ota5,31.33404214923106,31.28017214100373,30.14157584962977,30.767704575659767,-0.13333333333333286,-0.08666666666666778,-0.120000000000001,-0.07694417554049685,-0.08475637302355594,-0.06663762504033563,-29,31.899753180178468,0.5501070814369866,0.8005138857470004,-0.20416666666666627,0.12876280950302071,-0.19895833333333285,0.0986345580497355,0.9979587560792879,0.9995936559535752,0.9996349252707901,0.9315659483689098,0.0,0.2912661426521568,0.9996349252707901,0,0.999489472572354,delayed_broad_response,0
train,events_in_sec__entity__motion_sensor_pid_062,motion_sensor_pid_062,5164,ota5__bytes_total,ota5,17283.29619011455,17322.51895449655,17161.68372887792,17223.14011391684,109.16666666666697,-15.483333333334485,161.03000000000065,62.99705550177469,-49.71721684414334,109.86945950306557,-10,17421.652363774443,0.18670423908390243,0.6091965535504889,87.68437500000016,115.06054587765922,92.32333333333355,112.78242837428142,0.9979587560792879,0.9995936559535752,0.9996349252707901,0.9315659483689098,0.0,0.2912661426521568,0.9996349252707901,0,0.999489472572354,weak_or_unclear,0
train,events_in_sec__entity__motion_sensor_pid_062,motion_sensor_pid_062,5164,zigbee__pkt_total,zigbee,6.712992848553891,7.92092272640972,6.704590848680464,6.68535788874122,0.7666666666666666,-0.05999999999999961,0.6400000000000006,0.9688851242336237,-0.020159728944820952,0.9592287834785416,1,12.970381621416365,7.786074159656592,8.670146204955229,-0.30833333333333335,0.1380670127148408,-0.37895833333333334,0.11752493086575298,0.9979587560792879,0.9995936559535752,0.9996349252707901,0.9315659483689098,0.0,0.2912661426521568,0.9315659483689098,0,0.9365185550313357,event_locked_positive,1
train,events_in_sec__entity__motion_sensor_pid_062,motion_sensor_pid_062,5164,zigbee__bytes_total,zigbee,199.95757230555031,220.57705208531107,199.48093411809384,199.12492500474656,10.11666666666666,-0.826666666666668,8.810000000000002,15.354977412068411,-0.5797337850919667,15.471818328493057,1,292.5559141826467,2.2882080815752066,1.9518847981411136,-3.727083333333332,6.050039815640337,-3.9189583333333338,6.521367626540162,0.9979587560792879,0.9995936559535752,0.9996349252707901,0.9315659483689098,0.0,0.2912661426521568,0.9315659483689098,0,0.9365185550313357,weak_or_unclear,0
train,events_in_sec__entity__motion_sensor_pid_008,motion_sensor_pid_008,2218,router__pkt_total,router,35.203336339044185,36.09204989480012,31.546907123534716,33.32216411181244,-0.8499999999999996,-0.040000000000000036,-1.1966666666666663,-0.9155968468468471,-0.34346846846846874,-1.3911486486486488,25,59.24706943192065,1.2059644626166666,1.4047273189121163,-1.1114583333333334,0.2168043432772713,-1.5560416666666665,0.25583256989571207,0.9994308858963177,0.9996304453872193,0.9996600097562417,0.9169241230469038,0.0,0.21137784741829146,0.9994308858963177,0,0.9239691778014592,delayed_broad_response,0
train,events_in_sec__entity__motion_sensor_pid_008,motion_sensor_pid_008,2218,router__bytes_total,router,33281.99956417192,32630.81597535317,28250.324959422906,30730.75258791704,-321.1333333333333,-20.71999999999997,-449.3999999999999,-714.2384759759757,-275.0749849849851,-1102.626876876877,-22,66809.67267808836,0.2948691842170645,0.5858891467744839,-341.42083333333335,68.8016960940402,-488.50145833333335,66.73866301944669,0.9994308858963177,0.9996304453872193,0.9996600097562417,0.9169241230469038,0.0,0.21137784741829146,0.9994308858963177,0,0.9239691778014592,delayed_broad_response,0
train,events_in_sec__entity__motion_sensor_pid_008,motion_sensor_pid_008,2218,router__ip_dst_unique,router,2.475428313796213,2.5577096483318305,2.484706943192065,2.478809738503156,0.0,0.0,0.0,0.013081831831831809,-0.0043355855855856116,0.009639639639639642,0,2.7515779981965736,1.9568232356037252,1.715812211173338,-0.08541666666666661,0.04365068091616032,-0.0841666666666667,0.04905354217587151,0.9994308858963177,0.9996304453872193,0.9996600097562417,0.9169241230469038,0.0,0.21137784741829146,0.9994308858963177,0,0.7705959504877449,weak_or_unclear,0
train,events_in_sec__entity__motion_sensor_pid_008,motion_sensor_pid_008,2218,router__dst_port_unique,router,2.4077847911030963,2.513525698827773,2.4115779981965737,2.407619477006312,-0.033333333333333215,0.0,-0.04666666666666719,0.0025150150150149682,-0.0056606606606606335,-0.013577327327327334,0,2.681244364292155,1.9658067770840952,1.9087560749594303,-0.11562500000000003,0.04186152353627096,-0.11833333333333329,0.037546267753562665,0.9994308858963177,0.9996304453872193,0.9996600097562417,0.9169241230469038,0.0,0.21137784741829146,0.9994308858963177,0,0.7621116484957784,delayed_broad_response,0
train,events_in_sec__entity__motion_sensor_pid_008,motion_sensor_pid_008,2218,router__tcp_syn,router,0.2548993086865044,0.29433423504658845,0.23603246167718667,0.24315599639314697,-0.06666666666666667,0.0,-0.08,-0.035679429429429435,-0.013753753753753744,-0.04253378378378379,4,0.4873760144274121,0.35603449745815613,0.35603449745815496,-0.06979166666666667,0.00877723934705871,-0.08374999999999999,0.01053268721647045,0.9994308858963177,0.9996304453872193,0.9996600097562417,0.9169241230469038,0.0,0.21137784741829146,0.9994308858963177,0,0.06316091482908436,delayed_broad_response,0
train,events_in_sec__entity__motion_sensor_pid_008,motion_sensor_pid_008,2218,router__dns_pkt,router,0.926029455966336,1.0130748422001805,0.8735978358881874,0.8931199278629395,-0.2,-0.026666666666666672,-0.24,-0.11124249249249246,-0.03608108108108107,-0.12828828828828834,4,1.7844905320108206,0.7501937734175204,0.5516772843673701,-0.22291666666666665,0.030547663122114942,-0.25166666666666665,0.021147629234082536,0.9994308858963177,0.9996304453872193,0.9996600097562417,0.9169241230469038,0.0,0.21137784741829146,0.9994308858963177,0,0.12865808672842036,delayed_broad_response,0
train,events_in_sec__entity__motion_sensor_pid_008,motion_sensor_pid_008,2218,router__arp_pkt,router,2.4991433724075742,2.5131499849714456,2.4993688007213706,2.498935978358882,0.0,0.0,0.0,0.0022334834834834686,0.001929429429429419,-0.0013963963963964066,27,2.6393146979260593,0.46569031542379896,0.6543086761476995,-0.024999999999999946,0.05368374469468799,-0.03270833333333335,0.04998914812792423,0.9994308858963177,0.9996304453872193,0.9996600097562417,0.9169241230469038,0.0,0.21137784741829146,0.9994308858963177,0,0.7094843839658987,weak_or_unclear,0
train,events_in_sec__entity__motion_sensor_pid_008,motion_sensor_pid_008,2218,ota24__pkt_total,ota24,23.04753531710249,24.401036970243464,22.620937781785393,22.84191163210099,-0.23333333333333428,-0.08666666666666778,-0.3266666666666662,-0.17432432432432426,-0.038577327327327195,-0.18582207207207233,4,26.716411181244364,-0.6339331849675857,-0.7489185175443803,-0.12604166666666705,0.1692475945586494,-0.20729166666666643,0.15939651270930916,0.9994308858963177,0.9996304453872193,0.9996600097562417,0.9169241230469038,0.0,0.21137784741829146,0.9996304453872193,0,0.9995901303385523,delayed_broad_response,0
train,events_in_sec__entity__motion_sensor_pid_008,motion_sensor_pid_008,2218,ota24__bytes_total,ota24,6885.795596633603,8623.413736098588,6362.817980162308,6639.739693417494,-133.25,-18.51333333333332,-156.0999999999999,-87.70465465465466,-5.119718468468466,-103.1559872372372,4,11264.35752930568,-0.4070546370554114,-0.6692783328618747,-105.77500000000006,67.49708146982694,-120.4675,53.240181626130315,0.9994308858963177,0.9996304453872193,0.9996600097562417,0.9169241230469038,0.0,0.21137784741829146,0.9996304453872193,0,0.9995901303385523,delayed_broad_response,0
train,events_in_sec__entity__motion_sensor_pid_008,motion_sensor_pid_008,2218,ota5__pkt_total,ota5,36.6239254583709,35.891644123835285,34.874337240757434,35.828349864743004,0.10000000000000142,0.02999999999999936,0.033333333333333215,0.1850412912912912,0.04564564564564574,0.13549549549549542,-21,37.924706943192064,1.8646481770278303,1.5340283951496814,-0.24479166666666685,0.1849097706014716,-0.1716666666666663,0.1336350752360075,0.9994308858963177,0.9996304453872193,0.9996600097562417,0.9169241230469038,0.0,0.21137784741829146,0.9996600097562417,0,0.999631117304697,weak_or_unclear,0
train,events_in_sec__entity__motion_sensor_pid_008,motion_sensor_pid_008,2218,ota5__bytes_total,ota5,16512.877081454764,16687.954012623984,16439.05981965735,16466.301163210097,240.23333333333358,34.21666666666624,188.15000000000055,226.53329579579565,23.883975225225193,215.94295795795796,3,16806.934174932372,1.1761476783182336,0.7605023666964532,77.54374999999987,138.3241121267718,98.95145833333379,117.28897314828403,0.9994308858963177,0.9996304453872193,0.9996600097562417,0.9169241230469038,0.0,0.21137784741829146,0.9996600097562417,0,0.999631117304697,weak_or_unclear,0
train,events_in_sec__entity__motion_sensor_pid_008,motion_sensor_pid_008,2218,zigbee__pkt_total,zigbee,7.578689510069132,9.261421701232342,7.393507664562669,7.332723174030659,1.4333333333333331,-0.06666666666666643,1.6266666666666665,1.5621996996997,-0.2178678678678679,1.7744144144144143,-1,19.518034265103697,20.207150076770102,19.152114315095712,-0.3947916666666669,0.09046921476084797,-0.4818750000000001,0.11009445912740362,0.9994308858963177,0.9996304453872193,0.9996600097562417,0.9169241230469038,0.0,0.21137784741829146,0.9169241230469038,0,0.9306090663169112,pre_leading_or_shifted,0
train,events_in_sec__entity__motion_sensor_pid_008,motion_sensor_pid_008,2218,zigbee__bytes_total,zigbee,228.01003907424104,256.0120979861737,222.82712353471598,221.2144815148783,19.16666666666667,-2.8066666666666578,26.546666666666653,24.519932432432434,-6.271606606606609,31.252518768768766,-1,534.1298467087466,6.946046308739272,9.224787394737762,-9.442708333333336,4.11879992277113,-10.861041666666662,4.055129590810123,0.9994308858963177,0.9996304453872193,0.9996600097562417,0.9169241230469038,0.0,0.21137784741829146,0.9169241230469038,0,0.9306090663169112,pre_leading_or_shifted,0
train,events_in_sec__entity__motion_sensor_pid_138,motion_sensor_pid_138,688,router__pkt_total,router,42.69434782608694,47.74371980676327,39.16214492753623,41.860144927536226,-0.9500000000000002,0.18999999999999995,-1.6566666666666667,-1.2410628019323673,0.3153019323671495,-1.9194565217391304,-18,93.07246376811594,1.6303550652296717,-0.01392437414800701,-1.3427083333333334,0.2408728881877099,-1.6520833333333331,0.3291590188984987,0.9995949294700724,0.9997617232176896,0.9997378955394586,0.9124809378574152,0.0,0.2121139916126573,0.9995949294700724,0,0.9320824524312896,delayed_broad_response,0
train,events_in_sec__entity__motion_sensor_pid_138,motion_sensor_pid_138,688,router__bytes_total,router,40610.891690821256,47587.93743961353,36373.79060869565,39649.820869565214,-366.5166666666668,44.849999999999966,-576.4300000000001,-874.8952898550724,160.68964975845418,-1382.1266666666666,-18,100409.44782608695,0.409127605516456,-0.22206903095857994,-392.6947916666667,63.98523259498536,-561.9229166666667,65.32690880269233,0.9995949294700724,0.9997617232176896,0.9997378955394586,0.9124809378574152,0.0,0.2121139916126573,0.9995949294700724,0,0.9320824524312896,delayed_broad_response,0
train,events_in_sec__entity__motion_sensor_pid_138,motion_sensor_pid_138,688,router__ip_dst_unique,router,2.5812560386473424,2.572705314009662,2.5899710144927535,2.585565217391304,-0.10000000000000009,0.0,-0.08333333333333326,-0.05060386473429952,-0.006533816425120803,-0.050217391304347825,-25,2.7333333333333334,-0.6393451562644339,-0.21055872190307648,-0.06770833333333337,0.05050740801000274,-0.07083333333333339,0.059365861869895946,0.9995949294700724,0.9997617232176896,0.9997378955394586,0.9124809378574152,0.0,0.2121139916126573,0.9995949294700724,0,0.7793340380549683,delayed_broad_response,0
train,events_in_sec__entity__motion_sensor_pid_138,motion_sensor_pid_138,688,router__dst_port_unique,router,2.5491304347826085,2.5347826086956524,2.538666666666667,2.544434782608696,-0.03333333333333366,0.0,-0.08666666666666656,-0.06944444444444446,-0.015338164251207707,-0.08323671497584537,13,2.8753623188405797,1.347744295786495,0.5939441718716453,-0.09375,0.04482798914864585,-0.11645833333333336,0.050159035272266214,0.9995949294700724,0.9997617232176896,0.9997378955394586,0.9124809378574152,0.0,0.2121139916126573,0.9995949294700724,0,0.7720665961945032,delayed_broad_response,0
train,events_in_sec__entity__motion_sensor_pid_138,motion_sensor_pid_138,688,router__tcp_syn,router,0.334975845410628,0.31280193236714976,0.30289855072463767,0.32269565217391305,-0.06666666666666667,0.0,-0.1,-0.05157004830917874,-0.00833333333333333,-0.06235507246376812,-9,0.7043478260869566,0.970269341029727,-0.47835161670084975,-0.08229166666666668,0.01610377586847949,-0.09645833333333334,0.007403898184965356,0.9995949294700724,0.9997617232176896,0.9997378955394586,0.9124809378574152,0.0,0.2121139916126573,0.9995949294700724,0,0.06831395348837209,delayed_broad_response,0
train,events_in_sec__entity__motion_sensor_pid_138,motion_sensor_pid_138,688,router__dns_pkt,router,0.9890821256038648,1.093719806763285,0.9685217391304348,1.0031884057971014,-0.2666666666666666,-0.026666666666666672,-0.28,-0.1471618357487923,-0.06464975845410628,-0.1532487922705314,-7,2.0072463768115942,-1.1338934190276797,0.02099237065964545,-0.22916666666666669,0.03307189138830737,-0.280625,0.029772721248746404,0.9995949294700724,0.9997617232176896,0.9997378955394586,0.9124809378574152,0.0,0.2121139916126573,0.9995949294700724,0,0.13239957716701903,delayed_broad_response,0
train,events_in_sec__entity__motion_sensor_pid_138,motion_sensor_pid_138,688,router__arp_pkt,router,2.5117391304347825,2.517632850241546,2.4997101449275365,2.505304347826087,-0.016666666666666607,0.0,0.0,-0.004287439613526583,-0.006111111111111127,-0.006871980676328534,-26,2.756521739130435,0.11547005383792747,0.733418453184843,-0.020833333333333356,0.0360843918243516,-0.03020833333333328,0.041188400976488515,0.9995949294700724,0.9997617232176896,0.9997378955394586,0.9124809378574152,0.0,0.2121139916126573,0.9995949294700724,0,0.7140591966173361,delayed_broad_response,0
train,events_in_sec__entity__motion_sensor_pid_138,motion_sensor_pid_138,688,ota24__pkt_total,ota24,22.84391304347826,22.62173913043478,22.837101449275366,22.834086956521737,-0.21666666666666679,-0.06333333333333258,-0.30333333333333456,-0.07886473429951685,-0.062427536231884226,-0.07689613526570047,-22,24.804347826086957,0.019729584892913685,-0.39465765205398834,-0.22083333333333333,0.21118876495790292,-0.22687499999999994,0.19373331021306356,0.9995949294700724,0.9997617232176896,0.9997378955394586,0.9124809378574152,0.0,0.2121139916126573,0.9997617232176896,0,0.9996035940803383,delayed_broad_response,0
train,events_in_sec__entity__motion_sensor_pid_138,motion_sensor_pid_138,688,ota24__bytes_total,ota24,6501.318550724638,6304.130193236716,6403.974666666667,6443.265855072465,-133.6333333333332,-17.15000000000009,-156.31666666666706,-82.60640096618353,-5.170265700483113,-86.76467391304354,-22,8133.666666666667,0.15018918858668234,-0.1949912592902337,-142.48020833333322,58.90487246952532,-147.64812499999996,44.456052533946924,0.9995949294700724,0.9997617232176896,0.9997378955394586,0.9124809378574152,0.0,0.2121139916126573,0.9997617232176896,0,0.9996035940803383,delayed_broad_response,0
train,events_in_sec__entity__motion_sensor_pid_138,motion_sensor_pid_138,688,ota5__pkt_total,ota5,33.45487922705314,33.93260869565217,32.551826086956524,32.942521739130434,0.06666666666666465,0.1899999999999995,-0.016666666666667496,0.15748792270531392,0.1387077294685989,0.05878019323671486,9,34.84057971014493,2.447190766801363,2.553336043963436,-0.2739583333333334,0.13919021133167198,-0.33104166666666646,0.12312323743803338,0.9995949294700724,0.9997617232176896,0.9997378955394586,0.9124809378574152,0.0,0.2121139916126573,0.9997378955394586,0,0.9996035940803383,delayed_broad_response,0
train,events_in_sec__entity__motion_sensor_pid_138,motion_sensor_pid_138,688,ota5__bytes_total,ota5,16062.65352657005,16240.8961352657,16201.179710144928,16128.428579710146,170.19999999999982,150.1266666666652,10.139999999998508,152.38128019323673,143.4239613526569,73.96068840579719,10,16640.565217391304,1.0173459280526038,-0.5376866871330579,61.144791666666265,107.19579773822483,76.79541666666671,123.9670206864791,0.9995949294700724,0.9997617232176896,0.9997378955394586,0.9124809378574152,0.0,0.2121139916126573,0.9997378955394586,0,0.9996035940803383,weak_or_unclear,0
train,events_in_sec__entity__motion_sensor_pid_138,motion_sensor_pid_138,688,zigbee__pkt_total,zigbee,6.807584541062801,7.587681159420289,7.151884057971015,6.886985507246377,0.39999999999999947,0.21666666666666679,0.3099999999999996,0.5980072463768117,0.3412439613526569,0.5166666666666665,0,10.343478260869565,3.8029287723051888,4.331756857744757,-0.446875,0.22269020818043261,-0.4279166666666666,0.17035043537758668,0.9995949294700724,0.9997617232176896,0.9997378955394586,0.9124809378574152,0.0,0.2121139916126573,0.9124809378574152,0,0.9163583509513743,event_locked_positive,1
train,events_in_sec__entity__motion_sensor_pid_138,motion_sensor_pid_138,688,zigbee__bytes_total,zigbee,209.36971014492755,225.0611111111111,215.92759420289855,210.32927536231887,5.883333333333326,0.5433333333333366,3.863333333333358,11.490277777777768,6.02900966183575,10.521690821256039,0,296.0188405797102,2.3730501141477918,2.4931382217349776,-6.202083333333333,5.092777684978122,-6.8154166666666685,4.28325630199864,0.9995949294700724,0.9997617232176896,0.9997378955394586,0.9124809378574152,0.0,0.2121139916126573,0.9124809378574152,0,0.9163583509513743,weak_or_unclear,0
train,events_in_sec__entity__multipurpose_sensor_pid_006,multipurpose_sensor_pid_006,686,router__pkt_total,router,72.45324384787473,70.89328859060403,81.10437583892617,78.01879194630872,-1.333333333333334,0.3433333333333324,-2.023333333333333,-1.532060606060606,1.1869575757575757,-3.2832484848484853,15,144.01744966442953,0.2287313705530772,-0.5871132383357411,-1.4020833333333333,0.30057092664535034,-1.8647916666666666,0.2700359254648661,0.9992830855995795,0.9998805142665966,0.9998566171199159,0.9364096926826937,0.0,0.28647899440806773,0.9992830855995795,0,0.9355950172276702,delayed_broad_response,0
train,events_in_sec__entity__multipurpose_sensor_pid_006,multipurpose_sensor_pid_006,686,router__bytes_total,router,77582.26979865773,77687.95906040269,88486.29600000002,84703.10214765102,-483.98333333333323,98.80000000000001,-677.4766666666667,-884.6673333333337,857.8732848484849,-1910.339393939394,-29,167127.3610738255,-1.0957691562670828,-0.7452244692075165,-433.8083333333333,45.78975390302946,-611.1495833333333,89.00282542234103,0.9992830855995795,0.9998805142665966,0.9998566171199159,0.9364096926826937,0.0,0.28647899440806773,0.9992830855995795,0,0.9355950172276702,delayed_broad_response,0
train,events_in_sec__entity__multipurpose_sensor_pid_006,multipurpose_sensor_pid_006,686,router__ip_dst_unique,router,2.7348993288590604,2.7136465324384784,2.7639194630872486,2.757369127516779,-0.06666666666666665,0.05666666666666664,-0.0733333333333337,-0.03721212121212116,0.03144242424242425,-0.07670303030303036,-30,3.021476510067114,-0.08944271909999074,0.12340351046845181,-0.06250000000000003,0.046584749531245584,-0.07958333333333334,0.05064685742143017,0.9992830855995795,0.9998805142665966,0.9998566171199159,0.9364096926826937,0.0,0.28647899440806773,0.9992830855995795,0,0.798568778160615,delayed_broad_response,0
train,events_in_sec__entity__multipurpose_sensor_pid_006,multipurpose_sensor_pid_006,686,router__dst_port_unique,router,2.5993736017897087,2.5711409395973157,2.752429530201342,2.6807248322147648,-0.1333333333333333,0.023333333333333206,-0.15666666666666695,-0.09321212121212126,0.04442424242424243,-0.1405575757575758,15,3.076510067114094,-0.5386845276191012,-0.5767456434218713,-0.10937500000000003,0.04447562925043577,-0.12937500000000005,0.047320108921401795,0.9992830855995795,0.9998805142665966,0.9998566171199159,0.9364096926826937,0.0,0.28647899440806773,0.9992830855995795,0,0.7911476278823217,delayed_broad_response,0
train,events_in_sec__entity__multipurpose_sensor_pid_006,multipurpose_sensor_pid_006,686,router__tcp_syn,router,0.21185682326621924,0.22706935123042507,0.3670872483221477,0.2866308724832215,-0.1,0.0,-0.12,-0.05957575757575756,0.009539393939393945,-0.07384242424242426,15,0.9610738255033557,-1.4832396974191326,-24.52889452598023,-0.07708333333333334,0.015450413514782633,-0.10020833333333334,0.0008068715304598804,0.9992830855995795,0.9998805142665966,0.9998566171199159,0.9364096926826937,0.0,0.28647899440806773,0.9992830855995795,0,0.06347733898754307,delayed_broad_response,0
train,events_in_sec__entity__multipurpose_sensor_pid_006,multipurpose_sensor_pid_006,686,router__dns_pkt,router,0.77413870246085,0.8787472035794184,1.3456644295302014,1.0433557046979867,-0.26666666666666666,0.0,-0.31333333333333324,-0.14303030303030304,0.03335757575757575,-0.1928363636363637,15,3.8174496644295304,-0.8819171036881975,-0.7299078970082504,-0.2375,0.033071891388307365,-0.29520833333333335,0.024831900126427893,0.9992830855995795,0.9998805142665966,0.9998566171199159,0.9364096926826937,0.0,0.28647899440806773,0.9992830855995795,0,0.1378213623111582,delayed_broad_response,0
train,events_in_sec__entity__multipurpose_sensor_pid_006,multipurpose_sensor_pid_006,686,router__arp_pkt,router,2.3976733780760626,2.391498881431767,2.411489932885906,2.4100134228187917,-0.050000000000000044,0.010000000000000009,-0.026666666666666505,-0.010000000000000052,0.015612121212121237,-0.026145454545454562,-24,2.591946308724832,-0.08192319205190476,0.45717425246372595,-0.045833333333333344,0.050860648398890394,-0.045833333333333275,0.041924204093684234,0.9992830855995795,0.9998805142665966,0.9998566171199159,0.9364096926826937,0.0,0.28647899440806773,0.9992830855995795,0,0.6932149483169892,delayed_broad_response,0
train,events_in_sec__entity__multipurpose_sensor_pid_006,multipurpose_sensor_pid_006,686,ota24__pkt_total,ota24,23.584026845637588,22.509619686800892,23.069476510067112,23.436617449664432,-0.216666666666665,0.1533333333333342,-0.4400000000000013,-0.21139393939393936,0.1908242424242425,-0.39536969696969704,-27,32.18255033557047,0.18779374468785484,-1.4597139659401248,-0.24687499999999973,0.16085910307367327,-0.21750000000000003,0.152427122841632,0.9992830855995795,0.9998805142665966,0.9998566171199159,0.9364096926826937,0.0,0.28647899440806773,0.9998805142665966,0,0.9994699178372648,delayed_broad_response,0
train,events_in_sec__entity__multipurpose_sensor_pid_006,multipurpose_sensor_pid_006,686,ota24__bytes_total,ota24,7769.777718120807,6382.823489932886,6514.4258791946295,7281.793288590604,-143.61666666666633,68.66333333333341,-190.73000000000047,-94.17903030303022,56.09846060606061,-142.68161212121214,-27,18673.574496644294,-0.2262536642594555,-1.2351912082423293,-128.146875,68.37366244343524,-122.16645833333342,55.50844372041201,0.9992830855995795,0.9998805142665966,0.9998566171199159,0.9364096926826937,0.0,0.28647899440806773,0.9998805142665966,0,0.9994699178372648,delayed_broad_response,0
train,events_in_sec__entity__multipurpose_sensor_pid_006,multipurpose_sensor_pid_006,686,ota5__pkt_total,ota5,27.593064876957495,27.720581655480984,27.635597315436243,27.602174496644295,-0.1999999999999993,-0.08999999999999986,-0.19666666666666544,-0.15139393939393947,-0.0816606060606061,-0.14129696969696975,9,28.283221476510068,-0.1508791694242825,0.3672001728659132,-0.17395833333333344,0.17259948318932555,-0.26499999999999924,0.18609286809428163,0.9992830855995795,0.9998805142665966,0.9998566171199159,0.9364096926826937,0.0,0.28647899440806773,0.9998566171199159,0,1.0,delayed_broad_response,0
train,events_in_sec__entity__multipurpose_sensor_pid_006,multipurpose_sensor_pid_006,686,ota5__bytes_total,ota5,15900.497897091724,15897.565548098435,15818.20488590604,15846.113395973154,-77.98333333333358,-173.46666666666715,165.6166666666677,-7.571454545454419,-106.80244848484845,63.52950303030317,-6,16257.43087248322,-1.1569067888816784,0.5028320754612473,59.536458333333314,118.8685147224351,99.16895833333336,132.14691658717658,0.9992830855995795,0.9998805142665966,0.9998566171199159,0.9364096926826937,0.0,0.28647899440806773,0.9998566171199159,0,1.0,weak_or_unclear,0
train,events_in_sec__entity__multipurpose_sensor_pid_006,multipurpose_sensor_pid_006,686,zigbee__pkt_total,zigbee,7.646129753914988,10.346085011185684,6.8455302013422825,7.035919463087248,1.5999999999999996,-0.9233333333333333,2.6,1.974606060606061,-0.9656969696969697,2.671709090909091,0,21.24026845637584,11.99461081664099,18.157175587301204,-0.396875,0.16648101639359494,-0.5172916666666667,0.17168373195921746,0.9992830855995795,0.9998805142665966,0.9998566171199159,0.9364096926826937,0.0,0.28647899440806773,0.9364096926826937,0,0.9496421945401538,event_locked_positive,1
train,events_in_sec__entity__multipurpose_sensor_pid_006,multipurpose_sensor_pid_006,686,zigbee__bytes_total,zigbee,230.89539149888145,294.66174496644294,209.22743624161075,214.64665771812082,41.68333333333331,-28.093333333333334,61.46000000000001,45.67345454545455,-25.835236363636366,65.0442181818182,0,551.1516778523489,12.787585935172292,18.836064070064925,-8.817708333333334,3.949224030453112,-12.067916666666665,3.903571170344465,0.9992830855995795,0.9998805142665966,0.9998566171199159,0.9364096926826937,0.0,0.28647899440806773,0.9364096926826937,0,0.9496421945401538,event_locked_positive,1
train,events_in_sec__entity__vibration_sensor_pid_079,vibration_sensor_pid_079,489,router__pkt_total,router,44.04110429447852,34.6441717791411,35.23975460122699,39.77312883435583,-0.9000000000000004,-0.019999999999999574,-1.1999999999999993,-0.35114503816793907,-0.24271416454622574,-0.6652078032230704,-9,91.82617586912066,0.9920298957518912,1.726711807189562,-1.1354166666666665,0.23730803645613557,-1.5716666666666663,0.2152453380576581,0.9984578765630762,0.9995977069294981,0.9995977069294981,0.9224244862382246,0.0,0.2098293606892621,0.9984578765630762,0,0.9336307863915225,delayed_broad_response,0
train,events_in_sec__entity__vibration_sensor_pid_079,vibration_sensor_pid_079,489,router__bytes_total,router,45201.851670074975,31240.178595773687,34918.099713701435,40182.50012269939,-250.29999999999995,18.213333333333367,-414.8399999999999,-189.63782866836314,-99.77733672603908,-448.1268532654792,-9,112949.57668711657,2.57184538621735,0.9389030243185029,-354.42291666666665,40.485682858179075,-474.9216666666666,63.99134427144552,0.9984578765630762,0.9995977069294981,0.9995977069294981,0.9224244862382246,0.0,0.2098293606892621,0.9984578765630762,0,0.9336307863915225,delayed_broad_response,0
train,events_in_sec__entity__vibration_sensor_pid_079,vibration_sensor_pid_079,489,router__ip_dst_unique,router,2.39959100204499,2.4079754601226995,2.408425357873211,2.403067484662577,-0.06666666666666665,-0.006666666666666599,-0.10666666666666691,-0.041136556403731955,0.0005258693808312409,-0.05306191687871075,-6,2.591002044989775,0.8195375470622298,-0.24642612570382155,-0.09791666666666671,0.03813126087025657,-0.09583333333333333,0.043961788963699885,0.9984578765630762,0.9995977069294981,0.9995977069294981,0.9224244862382246,0.0,0.2098293606892621,0.9984578765630762,0,0.7698456962260642,delayed_broad_response,0
train,events_in_sec__entity__vibration_sensor_pid_079,vibration_sensor_pid_079,489,router__dst_port_unique,router,2.285071574642126,2.3483299250170417,2.2848261758691204,2.2863394683026583,-0.06666666666666665,-0.020000000000000018,-0.10000000000000009,-0.024512298558100103,0.0039016115351993346,-0.049855810008481764,0,2.5828220858895707,1.1470786693528088,0.4556186692571126,-0.10833333333333332,0.03632415786283895,-0.11624999999999999,0.03566579048768034,0.9984578765630762,0.9995977069294981,0.9995977069294981,0.9224244862382246,0.0,0.2098293606892621,0.9984578765630762,0,0.7620375534485964,delayed_broad_response,0
train,events_in_sec__entity__vibration_sensor_pid_079,vibration_sensor_pid_079,489,router__tcp_syn,router,0.17232447171097473,0.16837082481254262,0.17292433537832314,0.17566462167689162,-0.06666666666666667,0.0,-0.1,-0.020695504664970304,-0.0005767599660729429,-0.034860050890585255,30,0.6155419222903885,1.2909944487358052,,-0.0875,0.016137430609197572,-0.1,0.0,0.9984578765630762,0.9995977069294981,0.9995977069294981,0.9224244862382246,0.0,0.2098293606892621,0.9984578765630762,0,0.059676519799219195,delayed_broad_response,0
train,events_in_sec__entity__vibration_sensor_pid_079,vibration_sensor_pid_079,489,router__dns_pkt,router,0.6806407634628493,0.5794137695978187,0.6412269938650307,0.6680572597137014,-0.2,0.0,-0.24,-0.08142493638676845,-0.011603053435114474,-0.09679389312977103,30,2.233128834355828,0.4472135954999581,0.8509934794313447,-0.21666666666666667,0.037267799624996475,-0.26583333333333337,0.03035667600014498,0.9984578765630762,0.9995977069294981,0.9995977069294981,0.9224244862382246,0.0,0.2098293606892621,0.9984578765630762,0,0.11266034578918015,delayed_broad_response,0
train,events_in_sec__entity__vibration_sensor_pid_079,vibration_sensor_pid_079,489,router__arp_pkt,router,2.492501704158146,2.513292433537832,2.503558282208589,2.496359918200409,0.0,0.013333333333333641,-0.026666666666666394,0.01043256997455473,0.015114503816793924,0.001391009329940556,25,2.7423312883435584,0.5291502622129185,0.23381224621305144,-0.02916666666666666,0.05511981898051225,-0.037916666666666654,0.04811552937115696,0.9984578765630762,0.9995977069294981,0.9995977069294981,0.9224244862382246,0.0,0.2098293606892621,0.9984578765630762,0,0.7239263803680982,delayed_broad_response,0
train,events_in_sec__entity__vibration_sensor_pid_079,vibration_sensor_pid_079,489,ota24__pkt_total,ota24,23.957123381049765,22.388548057259715,22.4080981595092,23.313374233128833,-0.23333333333333428,0.03999999999999915,-0.259999999999998,-0.09669211195928738,0.05318066157760816,-0.15601357082273098,-20,34.61145194274029,-0.08231876746679356,-0.19286698033320268,-0.21874999999999956,0.17715684748581145,-0.22583333333333333,0.17715145748451777,0.9984578765630762,0.9995977069294981,0.9995977069294981,0.9224244862382246,0.0,0.2098293606892621,0.9995977069294981,0,0.9990704591931585,delayed_broad_response,0
train,events_in_sec__entity__vibration_sensor_pid_079,vibration_sensor_pid_079,489,ota24__bytes_total,ota24,8177.689979550102,6367.02522154056,6255.711656441719,7397.324417177914,-55.733333333333576,11.39333333333343,-92.98666666666668,-57.415860899067006,0.9896352841390629,-70.15155216284982,-20,23334.997955010225,0.5150510305223485,-0.04378058701295141,-82.92291666666677,52.79007655951755,-90.51166666666677,56.53190532296293,0.9984578765630762,0.9995977069294981,0.9995977069294981,0.9224244862382246,0.0,0.2098293606892621,0.9995977069294981,0,0.9990704591931585,delayed_broad_response,0
train,events_in_sec__entity__vibration_sensor_pid_079,vibration_sensor_pid_079,489,ota5__pkt_total,ota5,25.152965235173824,24.92229038854806,24.98200408997955,25.07472392638037,-0.06666666666666643,-0.12666666666666515,-0.03999999999999915,-0.2484308736217133,-0.15969465648854966,-0.21312977099236624,-14,25.713701431492844,3.0073684768249063e-15,0.5187926283144442,-0.06666666666666687,0.14766704288891108,-0.11749999999999972,0.14938531461365953,0.9984578765630762,0.9995977069294981,0.9995977069294981,0.9224244862382246,0.0,0.2098293606892621,0.9995977069294981,0,0.9992563673545268,weak_or_unclear,0
train,events_in_sec__entity__vibration_sensor_pid_079,vibration_sensor_pid_079,489,ota5__bytes_total,ota5,13745.114246762101,13574.525903203818,13612.659468302656,13685.225439672802,-161.53333333333467,-46.326666666667734,69.26000000000022,-105.69457167090742,-114.63038167938944,-26.090856658184972,-29,14010.744376278119,-2.230912098920941,-0.494099515248891,99.5666666666666,117.03733200707079,135.0925000000002,133.23732966392086,0.9984578765630762,0.9995977069294981,0.9995977069294981,0.9224244862382246,0.0,0.2098293606892621,0.9995977069294981,0,0.9992563673545268,delayed_broad_response,0
train,events_in_sec__entity__vibration_sensor_pid_079,vibration_sensor_pid_079,489,zigbee__pkt_total,zigbee,6.354192229038856,6.318677573278801,6.242290388548057,6.252801635991821,-0.40000000000000036,-0.11333333333333329,-0.3200000000000003,-0.19041560644614075,-0.14296861747243428,-0.12615776081424962,-1,9.08997955010225,0.05707301455353326,1.872304144884498,-0.40833333333333344,0.14601179556612687,-0.5204166666666666,0.10704279388273748,0.9984578765630762,0.9995977069294981,0.9995977069294981,0.9224244862382246,0.0,0.2098293606892621,0.9224244862382246,0,0.9235917456776352,delayed_broad_response,0
train,events_in_sec__entity__vibration_sensor_pid_079,vibration_sensor_pid_079,489,zigbee__bytes_total,zigbee,198.506203135651,194.8834355828221,196.7415950920245,196.16286298568508,-13.666666666666657,-0.7800000000000011,-13.04000000000002,-8.066157760814255,-2.3164546225614884,-6.416759966072949,-1,284.67689161554193,-0.9572663061657699,-1.052929909037482,-8.912499999999994,4.966399251749475,-8.887500000000006,3.9437572856069325,0.9984578765630762,0.9995977069294981,0.9995977069294981,0.9224244862382246,0.0,0.2098293606892621,0.9224244862382246,0,0.9235917456776352,delayed_broad_response,0
train,events_in_sec__entity__motion_sensor_pid_075,motion_sensor_pid_075,385,router__pkt_total,router,47.48935064935065,30.552380952380954,46.15698701298701,48.495012987012984,-1.3000000000000007,-0.05333333333333279,-1.9800000000000004,-1.3867313915857604,-0.2705501618122978,-2.4927292340884573,27,109.82077922077922,0.23340943421418975,-0.3836595443779266,-1.3916666666666666,0.3927290555982727,-1.8154166666666665,0.42898276804293434,0.9994464551841602,0.9997019374068554,0.9997445177773048,0.9277411113476688,0.0,0.27796465829252714,0.9994464551841602,0,0.9348288075560802,delayed_broad_response,0
train,events_in_sec__entity__motion_sensor_pid_075,motion_sensor_pid_075,385,router__bytes_total,router,44125.91766233766,25337.90303030303,44255.26774025974,46184.146857142856,-359.60000000000014,21.186666666666497,-629.3800000000001,-831.138511326861,-171.73214670981653,-1491.0250701186624,27,134110.65194805193,1.1072953247435224,-0.294397415367715,-466.4104166666667,96.46064087862611,-603.4045833333332,88.23248884241214,0.9994464551841602,0.9997019374068554,0.9997445177773048,0.9277411113476688,0.0,0.27796465829252714,0.9994464551841602,0,0.9348288075560802,delayed_broad_response,0
train,events_in_sec__entity__motion_sensor_pid_075,motion_sensor_pid_075,385,router__ip_dst_unique,router,2.784588744588745,2.8012987012987014,2.703272727272727,2.7454545454545456,-0.033333333333333215,-0.01333333333333342,-0.006666666666666599,-0.026752966558791752,-0.03160733549083063,-0.006968716289104601,-28,2.987012987012987,0.4583492485141069,0.8111959516804723,-0.06458333333333328,0.06817945071647318,-0.06708333333333338,0.07447851106937567,0.9994464551841602,0.9997019374068554,0.9997445177773048,0.9277411113476688,0.0,0.27796465829252714,0.9994464551841602,0,0.7926800472255019,delayed_broad_response,0
train,events_in_sec__entity__motion_sensor_pid_075,motion_sensor_pid_075,385,router__dst_port_unique,router,2.6895238095238096,2.6792207792207794,2.6021818181818186,2.64774025974026,-0.03333333333333344,-0.033333333333333215,-0.09333333333333327,-0.04228694714131615,-0.026666666666666602,-0.06394822006472489,-14,3.251948051948052,1.0576962991271242,0.4863021734831194,-0.10625000000000004,0.06893913378239283,-0.12874999999999998,0.07282851814746433,0.9994464551841602,0.9997019374068554,0.9997445177773048,0.9277411113476688,0.0,0.27796465829252714,0.9994464551841602,0,0.7853600944510035,delayed_broad_response,0
train,events_in_sec__entity__motion_sensor_pid_075,motion_sensor_pid_075,385,router__tcp_syn,router,0.31229437229437235,0.2108225108225108,0.2818701298701298,0.3062857142857143,-0.1,0.0,-0.1,-0.043905070118662376,-0.0022437971952535,-0.058101402373247055,-14,1.387012987012987,-1.732050807568877,0.2581988897471615,-0.07500000000000001,0.014433756729740644,-0.10125,0.0048412291827592685,0.9994464551841602,0.9997019374068554,0.9997445177773048,0.9277411113476688,0.0,0.27796465829252714,0.9994464551841602,0,0.06682408500590319,delayed_broad_response,0
train,events_in_sec__entity__motion_sensor_pid_075,motion_sensor_pid_075,385,router__dns_pkt,router,1.0654545454545454,0.7467532467532467,1.069922077922078,1.0884675324675324,-0.26666666666666666,0.0,-0.29333333333333333,-0.1791801510248112,-0.04412081984897514,-0.19067961165048544,-14,4.768831168831169,-0.37796447300922725,-0.12424730498438745,-0.25,0.04409585518440983,-0.28833333333333333,0.04024232155883212,0.9994464551841602,0.9997019374068554,0.9997445177773048,0.9277411113476688,0.0,0.27796465829252714,0.9994464551841602,0,0.138370720188902,delayed_broad_response,0
train,events_in_sec__entity__motion_sensor_pid_075,motion_sensor_pid_075,385,router__arp_pkt,router,2.4494372294372297,2.4415584415584415,2.476363636363636,2.4686233766233765,-0.033333333333333215,0.033333333333333215,-0.06666666666666687,-0.006688241639697984,0.036548004314994616,-0.03177993527508095,-30,2.914285714285714,0.36529873131069157,-0.2159107191675606,-0.05208333333333333,0.05132785414481219,-0.05624999999999994,0.048245250197990086,0.9994464551841602,0.9997019374068554,0.9997445177773048,0.9277411113476688,0.0,0.27796465829252714,0.9994464551841602,0,0.6961038961038961,delayed_broad_response,0
train,events_in_sec__entity__motion_sensor_pid_075,motion_sensor_pid_075,385,ota24__pkt_total,ota24,25.577662337662332,23.094372294372295,23.168000000000003,24.537454545454544,-0.29999999999999716,0.053333333333334565,-0.13333333333333286,-0.2043149946062567,0.020474649406688385,-0.2680906148867313,-24,41.467532467532465,-0.43015499096031073,0.6781315702881991,-0.22083333333333355,0.1840421902113141,-0.22750000000000026,0.1388619418303258,0.9994464551841602,0.9997019374068554,0.9997445177773048,0.9277411113476688,0.0,0.27796465829252714,0.9997019374068554,0,0.9992916174734358,delayed_broad_response,0
train,events_in_sec__entity__motion_sensor_pid_075,motion_sensor_pid_075,385,ota24__bytes_total,ota24,9234.555064935066,6499.642424242425,6510.620883116884,8102.665090909092,-107.53333333333376,14.266666666666424,-90.60000000000036,-99.05242718446601,-4.67078748651561,-112.31663430420716,-24,30185.174025974025,-0.17276156571140872,-0.016347654651631013,-96.19791666666657,65.61306978198233,-89.40916666666664,72.8442922676323,0.9994464551841602,0.9997019374068554,0.9997445177773048,0.9277411113476688,0.0,0.27796465829252714,0.9997019374068554,0,0.9992916174734358,delayed_broad_response,0
train,events_in_sec__entity__motion_sensor_pid_075,motion_sensor_pid_075,385,ota5__pkt_total,ota5,27.54588744588745,27.646320346320348,27.576207792207793,27.519324675324675,-0.09999999999999432,0.026666666666667282,-0.173333333333332,-0.030097087378641,0.03637540453074455,-0.041661272923409216,10,28.366233766233766,0.9131930820220984,0.342842863984826,-0.23958333333333348,0.15285193907104236,-0.22000000000000086,0.13611677992730306,0.9994464551841602,0.9997019374068554,0.9997445177773048,0.9277411113476688,0.0,0.27796465829252714,0.9997445177773048,0,0.9997638724911452,delayed_broad_response,0
train,events_in_sec__entity__motion_sensor_pid_075,motion_sensor_pid_075,385,ota5__bytes_total,ota5,15181.288744588745,15260.822943722944,15238.964883116883,15186.82831168831,209.5,113.90666666666948,134.32666666666773,150.5826321467096,60.09193096008633,121.1114994606255,7,15615.662337662337,1.33551530781019,0.3827445756917625,44.49166666666645,123.55405615222296,95.47250000000008,101.51461087709382,0.9994464551841602,0.9997019374068554,0.9997445177773048,0.9277411113476688,0.0,0.27796465829252714,0.9997445177773048,0,0.9997638724911452,weak_or_unclear,0
train,events_in_sec__entity__motion_sensor_pid_075,motion_sensor_pid_075,385,zigbee__pkt_total,zigbee,6.896017316017316,7.94935064935065,6.9535584415584415,6.873090909090909,0.2999999999999998,0.1733333333333329,0.3466666666666667,0.7563106796116502,0.09743257820927712,0.7603020496224377,1,8.8,3.285187804484175,4.98677871750523,-0.46250000000000013,0.2321024079534242,-0.6170833333333335,0.19326103173917092,0.9994464551841602,0.9997019374068554,0.9997445177773048,0.9277411113476688,0.0,0.27796465829252714,0.9277411113476688,0,0.9322314049586776,event_locked_positive,1
train,events_in_sec__entity__motion_sensor_pid_075,motion_sensor_pid_075,385,zigbee__bytes_total,zigbee,209.974632034632,234.45324675324673,209.86888311688313,208.61683116883117,7.400000000000006,0.0,9.620000000000005,17.74196332254585,1.174584681769151,19.118727076591153,2,260.1168831168831,2.755793311564877,3.7761742279133865,-9.645833333333334,6.185454207251075,-10.78833333333333,5.404499925473629,0.9994464551841602,0.9997019374068554,0.9997445177773048,0.9277411113476688,0.0,0.27796465829252714,0.9277411113476688,0,0.9322314049586776,weak_or_unclear,0
train,events_in_sec__entity__multipurpose_sensor_pid_003,multipurpose_sensor_pid_003,319,router__pkt_total,router,191.55987841945287,187.1631205673759,279.8917933130699,237.3898480243161,-2.200000000000001,0.09333333333333371,-2.953333333333334,-3.14254215304799,1.811880674448768,-7.482568093385214,23,370.1793313069909,-1.4293757377281513,-1.6116204127052098,-1.5291666666666672,0.46931909897922003,-2.04125,0.5659417851393077,0.9997430494886685,0.9995888791818697,0.9997430494886685,0.918906418623773,0.0,0.36152936944344527,0.9997430494886685,0,0.9469934454260474,delayed_broad_response,0
train,events_in_sec__entity__multipurpose_sensor_pid_003,multipurpose_sensor_pid_003,319,router__bytes_total,router,242170.64893617024,242664.24214792298,363386.28486322187,305299.3705775076,-592.3666666666667,142.98000000000002,-870.5866666666668,-2508.4025940337206,1881.7161089494161,-7359.668404669263,23,474654.009118541,-0.41734182092565225,-1.8603112853453436,-546.3708333333334,110.21141670229893,-649.2604166666667,118.9726965285348,0.9997430494886685,0.9995888791818697,0.9997430494886685,0.918906418623773,0.0,0.36152936944344527,0.9997430494886685,0,0.9469934454260474,delayed_broad_response,0
train,events_in_sec__entity__multipurpose_sensor_pid_003,multipurpose_sensor_pid_003,319,router__ip_dst_unique,router,2.9301925025329294,2.875886524822695,2.9942857142857138,2.9633434650455928,-0.1333333333333333,0.05333333333333368,-0.21999999999999975,-0.13411154345006487,0.03634241245136191,-0.1869260700389105,-7,3.4498480243161094,-0.821786956471764,-2.3184081124008182,-0.06875000000000005,0.07858890047441668,-0.07291666666666671,0.06344151944026001,0.9997430494886685,0.9995888791818697,0.9997430494886685,0.918906418623773,0.0,0.36152936944344527,0.9997430494886685,0,0.8002279851809633,delayed_broad_response,0
train,events_in_sec__entity__multipurpose_sensor_pid_003,multipurpose_sensor_pid_003,319,router__dst_port_unique,router,2.7775075987841946,2.759371833839919,2.8634650455927058,2.8189665653495446,-0.16666666666666696,0.040000000000000036,-0.2533333333333332,-0.13333333333333333,0.02474708171206231,-0.17442282749675744,17,3.4224924012158056,-0.7986208584745071,-1.6937602506317186,-0.11041666666666664,0.07043392293490403,-0.11833333333333332,0.07970431467478893,0.9997430494886685,0.9995888791818697,0.9997430494886685,0.918906418623773,0.0,0.36152936944344527,0.9997430494886685,0,0.7928184667996581,delayed_broad_response,0
train,events_in_sec__entity__multipurpose_sensor_pid_003,multipurpose_sensor_pid_003,319,router__tcp_syn,router,0.23718338399189465,0.28419452887537994,0.26759878419452887,0.24443768996960485,-0.1,0.0,-0.12,-0.046952010376134876,0.0006225680933852077,-0.06282749675745788,17,0.78419452887538,-0.881917103688197,-1.7320508075688767,-0.08541666666666667,0.016535945694153693,-0.10500000000000001,0.008660254037844381,0.9997430494886685,0.9995888791818697,0.9997430494886685,0.918906418623773,0.0,0.36152936944344527,0.9997430494886685,0,0.06811057281276717,delayed_broad_response,0
train,events_in_sec__entity__multipurpose_sensor_pid_003,multipurpose_sensor_pid_003,319,router__dns_pkt,router,0.9872340425531915,0.9371833839918945,1.1732522796352585,1.0399392097264437,-0.26666666666666666,-0.01333333333333342,-0.36,-0.19351491569390405,0.022049286640726348,-0.24407263294422823,17,3.4164133738601823,-1.2501082204235618,-1.8034001919297493,-0.22708333333333333,0.03166392531993886,-0.29666666666666663,0.03511884584284245,0.9997430494886685,0.9995888791818697,0.9997430494886685,0.918906418623773,0.0,0.36152936944344527,0.9997430494886685,0,0.15987460815047022,delayed_broad_response,0
train,events_in_sec__entity__multipurpose_sensor_pid_003,multipurpose_sensor_pid_003,319,router__arp_pkt,router,2.483890577507599,2.4721377912867273,2.4711246200607904,2.4750759878419455,-0.10000000000000009,-0.040000000000000036,-0.06666666666666643,-0.02360570687418935,-0.03343709468223087,-0.007937743190661503,21,2.7750759878419453,-1.434274331201275,-0.8688784045918793,4.163336342344337e-17,0.0697216688778396,-0.0004166666666666763,0.07624772309897382,0.9997430494886685,0.9995888791818697,0.9997430494886685,0.918906418623773,0.0,0.36152936944344527,0.9997430494886685,0,0.70703904246224,delayed_broad_response,0
train,events_in_sec__entity__multipurpose_sensor_pid_003,multipurpose_sensor_pid_003,319,ota24__pkt_total,ota24,22.653292806484295,22.624620060790274,22.7277811550152,22.710395136778118,-0.3333333333333357,0.10000000000000142,-0.466666666666665,-0.17924773022049306,0.1164721141374838,-0.2676783398184177,-2,24.088145896656535,-0.7795324207792519,-1.16980067339784,-0.17083333333333361,0.20845829585581646,-0.2391666666666672,0.19447757654233017,0.9997430494886685,0.9995888791818697,0.9997430494886685,0.918906418623773,0.0,0.36152936944344527,0.9995888791818697,0,0.9994300370475919,delayed_broad_response,0
train,events_in_sec__entity__multipurpose_sensor_pid_003,multipurpose_sensor_pid_003,319,ota24__bytes_total,ota24,6410.518338399189,6399.836372847011,6418.297386018238,6423.055258358663,-100.66666666666697,60.86666666666588,-148.73333333333267,-58.94306095979237,58.26713359273671,-90.35429312581057,-12,7018.784194528876,0.3497858660944991,-0.08615071587019839,-123.5020833333333,65.28398909204941,-144.10958333333315,53.67047683000142,0.9997430494886685,0.9995888791818697,0.9997430494886685,0.918906418623773,0.0,0.36152936944344527,0.9995888791818697,0,0.9994300370475919,delayed_broad_response,0
train,events_in_sec__entity__multipurpose_sensor_pid_003,multipurpose_sensor_pid_003,319,ota5__pkt_total,ota5,27.003039513677813,26.86220871327254,26.872218844984804,26.92601823708207,-0.13333333333333286,0.03999999999999915,-0.25333333333333385,-0.11673151750972774,0.01491569390402079,-0.148923476005188,-7,27.90273556231003,0.034523833987987994,-0.4760616383234072,-0.1416666666666666,0.24137913929933724,-0.13291666666666657,0.2529434362549153,0.9997430494886685,0.9995888791818697,0.9997430494886685,0.918906418623773,0.0,0.36152936944344527,0.9997430494886685,0,0.9997150185237959,delayed_broad_response,0
train,events_in_sec__entity__multipurpose_sensor_pid_003,multipurpose_sensor_pid_003,319,ota5__bytes_total,ota5,15069.562411347517,15018.400202634248,14984.466747720366,15013.998662613983,250.89999999999782,129.22000000000116,212.6133333333346,88.08482490272381,24.82892347600516,100.81898832684817,-3,15458.392097264437,0.6960339077786513,0.22339859576440552,137.0374999999999,163.587576305561,177.51250000000005,157.12199628305464,0.9997430494886685,0.9995888791818697,0.9997430494886685,0.918906418623773,0.0,0.36152936944344527,0.9997430494886685,0,0.9997150185237959,weak_or_unclear,0
train,events_in_sec__entity__multipurpose_sensor_pid_003,multipurpose_sensor_pid_003,319,zigbee__pkt_total,zigbee,7.256534954407294,8.024822695035459,6.8339209726443775,6.899817629179331,0.5333333333333332,-0.3466666666666667,0.8866666666666667,0.5009079118028535,-0.4608560311284047,0.8664072632944229,0,17.732522796352583,5.451557429084649,6.58093634763251,-0.35625000000000007,0.16317966836179876,-0.5249999999999998,0.21450848209077625,0.9997430494886685,0.9995888791818697,0.9997430494886685,0.918906418623773,0.0,0.36152936944344527,0.918906418623773,0,0.9233399829011115,event_locked_positive,1
train,events_in_sec__entity__multipurpose_sensor_pid_003,multipurpose_sensor_pid_003,319,zigbee__bytes_total,zigbee,214.03637284701114,232.0440729483283,203.1033434650456,204.66930091185412,10.899999999999977,-17.52000000000001,22.546666666666653,10.489753566796368,-11.553411154345007,20.930428015564207,0,448.37386018237083,3.089847343995495,8.480157742992517,-10.802083333333332,7.023674931872282,-11.353749999999996,3.9976162819235146,0.9997430494886685,0.9995888791818697,0.9997430494886685,0.918906418623773,0.0,0.36152936944344527,0.918906418623773,0,0.9233399829011115,event_locked_positive,1
train,events_in_sec__entity__vibration_sensor_pid_078,vibration_sensor_pid_078,128,router__pkt_total,router,111.3829457364341,113.70801033591732,111.73674418604651,112.9474418604651,-1.7000000000000002,-1.913333333333333,-2.786666666666666,-3.312179487179488,-3.445128205128206,-3.8984615384615378,-7,217.1782945736434,-0.6951325669877633,-2.268099874815953,-1.3114583333333334,0.5589461422449892,-1.7037499999999999,0.4774554589464631,0.9992315573770492,0.9994877049180328,0.999359631147541,0.9529969262295083,0.0,0.43301741803278687,0.9992315573770492,0,0.9630681818181818,weak_or_unclear,0
train,events_in_sec__entity__vibration_sensor_pid_078,vibration_sensor_pid_078,128,router__bytes_total,router,119687.40878552971,121786.06201550388,120717.9615503876,122154.04573643411,-569.4166666666665,-517.0266666666666,-814.0566666666666,-2080.834935897435,-1637.5377564102553,-2129.230192307694,-7,253263.9534883721,-0.9319220441875854,-1.9300394484907017,-426.325,153.5446742129686,-598.41375,111.72979745844063,0.9992315573770492,0.9994877049180328,0.999359631147541,0.9529969262295083,0.0,0.43301741803278687,0.9992315573770492,0,0.9630681818181818,delayed_broad_response,0
train,events_in_sec__entity__vibration_sensor_pid_078,vibration_sensor_pid_078,128,router__ip_dst_unique,router,4.044186046511628,3.622739018087856,3.601550387596899,3.786201550387597,-0.40000000000000013,-0.37,-0.20000000000000018,-0.4112179487179487,-0.5103846153846154,-0.17525641025641028,-4,5.054263565891473,-3.5548010892129436,-1.3100883893187298,-0.05208333333333331,0.09787233038788616,-0.07270833333333337,0.09716265536317044,0.9992315573770492,0.9994877049180328,0.999359631147541,0.9529969262295083,0.0,0.43301741803278687,0.9992315573770492,0,0.8671874999999999,delayed_broad_response,0
train,events_in_sec__entity__vibration_sensor_pid_078,vibration_sensor_pid_078,128,router__dst_port_unique,router,3.71937984496124,3.549095607235142,3.392558139534884,3.5175193798449613,-0.3833333333333333,-0.3866666666666668,-0.20333333333333337,-0.3743589743589744,-0.4353846153846155,-0.22525641025641033,-3,5.0310077519379846,-2.404182658769872,-0.4876464548965033,-0.103125,0.11655035124357195,-0.1535416666666667,0.10210607739829529,0.9992315573770492,0.9994877049180328,0.999359631147541,0.9529969262295083,0.0,0.43301741803278687,0.9992315573770492,0,0.8565340909090908,weak_or_unclear,0
train,events_in_sec__entity__vibration_sensor_pid_078,vibration_sensor_pid_078,128,router__tcp_syn,router,0.42325581395348844,0.33462532299741604,0.42139534883720936,0.4252713178294574,-0.1,-0.006666666666666654,-0.1,-0.07115384615384615,-0.03166666666666667,-0.09512820512820513,-13,1.8372093023255813,-1.6035674514745473,-0.10721125348378018,-0.07500000000000001,0.015590239111558076,-0.09833333333333333,0.015545631755148025,0.9992315573770492,0.9994877049180328,0.999359631147541,0.9529969262295083,0.0,0.43301741803278687,0.9992315573770492,0,0.09232954545454544,delayed_broad_response,0
train,events_in_sec__entity__vibration_sensor_pid_078,vibration_sensor_pid_078,128,router__dns_pkt,router,1.4581395348837207,1.0310077519379846,1.6893023255813955,1.5697674418604652,-0.23333333333333336,0.06666666666666665,-0.32,-0.15737179487179487,0.0183974358974359,-0.23070512820512826,-13,7.5813953488372094,0.043895128130614275,-0.40761831286243727,-0.2375,0.09492321458245429,-0.290625,0.0720649663498152,0.9992315573770492,0.9994877049180328,0.999359631147541,0.9529969262295083,0.0,0.43301741803278687,0.9992315573770492,0,0.1896306818181818,delayed_broad_response,0
train,events_in_sec__entity__vibration_sensor_pid_078,vibration_sensor_pid_078,128,router__arp_pkt,router,2.5441860465116277,2.7144702842377257,2.513178294573643,2.530077519379845,0.1499999999999999,0.010000000000000231,0.12333333333333352,0.1355769230769231,-0.017371794871794858,0.1480769230769231,-29,2.992248062015504,2.0062620290756854,1.9242907329925585,-0.053124999999999985,0.10124549887114326,-0.04624999999999996,0.08812770878421586,0.9992315573770492,0.9994877049180328,0.999359631147541,0.9529969262295083,0.0,0.43301741803278687,0.9992315573770492,0,0.7180397727272727,weak_or_unclear,0
train,events_in_sec__entity__vibration_sensor_pid_078,vibration_sensor_pid_078,128,ota24__pkt_total,ota24,24.037209302325582,24.06847545219638,23.93829457364341,24.027286821705427,0.38333333333333464,-0.0033333333333338544,0.3633333333333333,0.09102564102564117,-0.09365384615384616,0.06583333333333341,22,27.7984496124031,2.7481894089396426,3.795280548238942,-0.22187499999999977,0.22022075020180185,-0.26937500000000025,0.16670923935436557,0.9992315573770492,0.9994877049180328,0.999359631147541,0.9529969262295083,0.0,0.43301741803278687,0.9994877049180328,0,1.0,weak_or_unclear,0
train,events_in_sec__entity__vibration_sensor_pid_078,vibration_sensor_pid_078,128,ota24__bytes_total,ota24,6694.243152454781,6675.693798449612,6659.172403100775,6680.52465116279,97.5,-110.72000000000025,-11.556666666666843,-46.03461538461542,-70.83108974358977,-18.096538461538515,22,8002.945736434109,2.608681621378839,1.492558087135094,-125.35208333333338,85.42709141161626,-130.58666666666653,79.74899002321112,0.9992315573770492,0.9994877049180328,0.999359631147541,0.9529969262295083,0.0,0.43301741803278687,0.9994877049180328,0,1.0,broad_neighborhood_not_sharp,0
train,events_in_sec__entity__vibration_sensor_pid_078,vibration_sensor_pid_078,128,ota5__pkt_total,ota5,31.840051679586562,32.291989664082685,32.03906976744186,31.928217054263566,-1.7763568394002505e-15,0.3200000000000003,-0.026666666666670835,0.18974358974358976,0.07878205128205147,0.11589743589743563,-7,34.48837209302326,0.1306675958617585,0.388865948561532,-0.05104166666666665,0.39062222221234616,-0.15458333333333352,0.3289479758766326,0.9992315573770492,0.9994877049180328,0.999359631147541,0.9529969262295083,0.0,0.43301741803278687,0.999359631147541,0,1.0,delayed_broad_response,0
train,events_in_sec__entity__vibration_sensor_pid_078,vibration_sensor_pid_078,128,ota5__bytes_total,ota5,15012.721705426356,15097.6511627907,15221.748217054263,15111.307441860465,-104.16666666666606,326.70333333333383,-134.57999999999993,74.79935897435888,220.65301282051283,-6.010961538461656,-7,15768.519379844962,-0.42728448958764137,-1.0928753542243208,49.842708333333064,360.4375509830199,117.00708333333341,230.2065668887737,0.9992315573770492,0.9994877049180328,0.999359631147541,0.9529969262295083,0.0,0.43301741803278687,0.999359631147541,0,1.0,delayed_broad_response,0
train,events_in_sec__entity__vibration_sensor_pid_078,vibration_sensor_pid_078,128,zigbee__pkt_total,zigbee,7.467441860465115,7.705426356589147,7.228217054263566,7.349457364341085,-0.5666666666666669,-0.07333333333333325,-0.3566666666666669,-0.0753205128205129,-0.19724358974358977,0.031153846153846105,14,9.147286821705427,-0.7122446501883114,0.19173078874763927,-0.2906249999999999,0.3875657986250706,-0.43895833333333334,0.42920423581514977,0.9992315573770492,0.9994877049180328,0.999359631147541,0.9529969262295083,0.0,0.43301741803278687,0.9529969262295083,0,0.9595170454545453,delayed_broad_response,0
train,events_in_sec__entity__vibration_sensor_pid_078,vibration_sensor_pid_078,128,zigbee__bytes_total,zigbee,218.16795865633077,229.0878552971576,212.7872868217054,215.52434108527132,-9.583333333333343,-2.7466666666666555,-1.3966666666666612,4.078205128205128,-5.37948717948718,7.7571794871794895,14,265.94573643410854,-0.19999767686697562,0.7064242666476284,-7.893749999999996,8.448014795977548,-7.932083333333336,9.25140453863628,0.9992315573770492,0.9994877049180328,0.999359631147541,0.9529969262295083,0.0,0.43301741803278687,0.9529969262295083,0,0.9595170454545453,delayed_broad_response,0
train,events_in_sec__entity__door_window_sensor_pid_136,door_window_sensor_pid_136,111,router__pkt_total,router,180.47916666666663,101.88095238095237,110.68178571428571,154.0217857142857,-1.833333333333333,0.36666666666666625,-1.7266666666666675,-3.6097378277153562,0.8189513108614239,-2.689288389513109,-14,365.24107142857144,-1.021890187858024,-0.2292231769851699,-1.1041666666666665,0.7135469890312452,-1.588333333333333,0.6034875493514529,0.9998523113277211,1.0,1.0,0.9078422684980062,0.0,0.30615861763402746,0.9998523113277211,0,0.958230958230958,delayed_broad_response,0
train,events_in_sec__entity__door_window_sensor_pid_136,door_window_sensor_pid_136,111,router__bytes_total,router,212793.74553571435,113372.5699404762,129951.49321428573,181640.3160714286,-389.6999999999998,81.82000000000005,-567.0133333333334,-3416.7756554307107,640.0492883895128,-3300.0975280898874,-25,437649.83928571426,-0.1804989209790903,-0.38561085539481327,-360.0041666666667,164.52083576041534,-516.2379166666667,131.6752782145606,0.9998523113277211,1.0,1.0,0.9078422684980062,0.0,0.30615861763402746,0.9998523113277211,0,0.958230958230958,delayed_broad_response,0
train,events_in_sec__entity__door_window_sensor_pid_136,door_window_sensor_pid_136,111,router__ip_dst_unique,router,2.9875,2.8779761904761902,2.906428571428571,2.947857142857143,-0.1333333333333333,-0.09999999999999987,-0.09333333333333327,-0.1617977528089887,-0.058501872659175974,-0.11048689138576784,26,3.6964285714285716,-0.6041612360422244,-0.3999524151988493,-0.07916666666666669,0.08965597829729173,-0.05750000000000002,0.08959399161402125,0.9998523113277211,1.0,1.0,0.9078422684980062,0.0,0.30615861763402746,0.9998523113277211,0,0.8124488124488125,delayed_broad_response,0
train,events_in_sec__entity__door_window_sensor_pid_136,door_window_sensor_pid_136,111,router__dst_port_unique,router,2.805952380952381,2.712797619047619,2.797142857142857,2.8033928571428572,-0.06666666666666665,0.0,-0.14000000000000012,-0.17003745318352056,-0.0005243445692883842,-0.13700374531835202,26,3.607142857142857,0.6319334885835699,-0.5483863491443072,-0.11250000000000004,0.072528729939705,-0.09541666666666662,0.08129913044498753,0.9998523113277211,1.0,1.0,0.9078422684980062,0.0,0.30615861763402746,0.9998523113277211,0,0.8042588042588044,delayed_broad_response,0
train,events_in_sec__entity__door_window_sensor_pid_136,door_window_sensor_pid_136,111,router__tcp_syn,router,0.2407738095238095,0.21279761904761904,0.2171428571428571,0.23249999999999998,-0.06666666666666667,0.0,-0.1,-0.05730337078651685,-0.012059925093632946,-0.06621722846441949,-15,0.7053571428571429,0.8819171036881976,-0.07930515857181364,-0.08125000000000002,0.016535945694153696,-0.09916666666666668,0.010507933510765404,0.9998523113277211,1.0,1.0,0.9078422684980062,0.0,0.30615861763402746,0.9998523113277211,0,0.0687960687960688,delayed_broad_response,0
train,events_in_sec__entity__door_window_sensor_pid_136,door_window_sensor_pid_136,111,router__dns_pkt,router,0.869047619047619,0.7559523809523809,0.7928571428571428,0.8382142857142857,-0.20000000000000018,-0.1266666666666667,-0.28,-0.14007490636704123,-0.09018726591760297,-0.15250936329588013,-16,1.7767857142857142,0.6999132392733527,0.011851968908912451,-0.24583333333333332,0.06548430685625713,-0.2808333333333333,0.07031180555212616,0.9998523113277211,1.0,1.0,0.9078422684980062,0.0,0.30615861763402746,0.9998523113277211,0,0.14987714987714987,delayed_broad_response,0
train,events_in_sec__entity__door_window_sensor_pid_136,door_window_sensor_pid_136,111,router__arp_pkt,router,2.5556547619047616,2.5773809523809526,2.7225000000000006,2.6455357142857148,0.06666666666666687,0.0,0.0,0.037453183520599245,0.01917602996254685,0.013333333333333317,28,3.732142857142857,0.9073928715621643,0.23665445414781278,-0.004166666666666735,0.07806247497997995,-0.017083333333333298,0.07218682358990447,0.9998523113277211,1.0,1.0,0.9078422684980062,0.0,0.30615861763402746,0.9998523113277211,0,0.7231777231777236,weak_or_unclear,0
train,events_in_sec__entity__door_window_sensor_pid_136,door_window_sensor_pid_136,111,ota24__pkt_total,ota24,23.066666666666666,23.452380952380953,22.888928571428572,22.961428571428574,-0.46666666666666856,0.0,-0.14000000000000057,-0.24569288389513108,-0.1949063670411986,-0.07910112359550549,2,24.589285714285715,-0.7211326619355983,0.22299459288978335,-0.21875000000000056,0.3437878767011229,-0.22916666666666685,0.3998602186320165,0.9998523113277211,1.0,1.0,0.9078422684980062,0.0,0.30615861763402746,1.0,0,1.0,delayed_broad_response,0
train,events_in_sec__entity__door_window_sensor_pid_136,door_window_sensor_pid_136,111,ota24__bytes_total,ota24,6473.425297619049,6602.909226190476,6372.861071428571,6422.6248214285715,-134.80000000000018,-64.38000000000011,-127.69999999999982,-56.47715355805249,-90.3019475655431,-19.853483146067397,-10,7489.258928571428,0.3263446224977562,0.6474556407702418,-170.06041666666664,108.04656867575287,-184.4441666666666,87.64178283961111,0.9998523113277211,1.0,1.0,0.9078422684980062,0.0,0.30615861763402746,1.0,0,1.0,delayed_broad_response,0
train,events_in_sec__entity__door_window_sensor_pid_136,door_window_sensor_pid_136,111,ota5__pkt_total,ota5,26.886011904761908,27.41220238095238,27.076785714285716,26.977857142857147,0.06666666666666643,-0.03999999999999915,-0.10000000000000142,0.11985018726591781,0.01288389513108632,-0.05415730337078624,2,29.526785714285715,0.6285075134402014,-0.06160540643717047,-0.127083333333333,0.308269982230584,-0.08208333333333351,0.2908294531737339,0.9998523113277211,1.0,1.0,0.9078422684980062,0.0,0.30615861763402746,1.0,0,1.0,weak_or_unclear,0
train,events_in_sec__entity__door_window_sensor_pid_136,door_window_sensor_pid_136,111,ota5__bytes_total,ota5,14554.191964285716,14641.202380952382,14593.119285714283,14584.448392857143,77.13333333333321,136.57333333333372,186.53333333333467,47.28202247191016,108.06142322097365,30.536853932584542,22,15425.589285714286,-0.07370574500753777,0.21021764315557978,99.41458333333333,302.30004455855436,114.29125000000079,343.65375926067395,0.9998523113277211,1.0,1.0,0.9078422684980062,0.0,0.30615861763402746,1.0,0,1.0,delayed_broad_response,0
train,events_in_sec__entity__door_window_sensor_pid_136,door_window_sensor_pid_136,111,zigbee__pkt_total,zigbee,6.35297619047619,7.086309523809523,6.8325,6.528928571428572,0.7666666666666666,0.5266666666666664,0.026666666666667282,0.6812734082397004,0.4095131086142321,0.40239700374531845,0,9.946428571428571,3.344264605159575,1.2944599463999933,-0.3375,0.33016725559429233,-0.5016666666666667,0.4081496185360353,0.9998523113277211,1.0,1.0,0.9078422684980062,0.0,0.30615861763402746,0.9078422684980062,0,0.9066339066339065,weak_or_unclear,0
train,events_in_sec__entity__door_window_sensor_pid_136,door_window_sensor_pid_136,111,zigbee__bytes_total,zigbee,191.75624999999997,209.23958333333334,202.41964285714286,195.32160714285715,16.899999999999977,8.01333333333335,3.5066666666666606,14.854681647940074,7.943520599250938,10.047041198501873,0,295.55357142857144,3.709909553148322,2.0056806181806093,-9.272916666666662,7.054866511356226,-9.682083333333333,6.575697985237428,0.9998523113277211,1.0,1.0,0.9078422684980062,0.0,0.30615861763402746,0.9078422684980062,0,0.9066339066339065,event_locked_positive,1
train,events_in_sec__entity__coffee_maker_local_control,coffee_maker_local_control,92,router__pkt_total,router,31.01859649122807,26.482456140350877,33.76168421052631,31.56947368421052,-1.3166666666666655,-0.6200000000000001,-2.386666666666666,-1.4689189189189187,3.3881081081081073,-4.0455855855855845,-3,80.5578947368421,0.16397503748593273,-0.5712322193101168,-1.4072916666666666,0.5526755864152536,-1.9810416666666668,0.7100877476586958,0.9996436208125445,1.0,1.0,0.9566999287241625,0.0,0.4281895937277263,0.9996436208125445,0,0.9664031620553359,delayed_broad_response,0
train,events_in_sec__entity__coffee_maker_local_control,coffee_maker_local_control,92,router__bytes_total,router,20572.141754385964,17416.949122807022,19688.544842105264,19736.33073684211,-587.3333333333333,-171.21333333333337,-786.8733333333332,-1544.3211711711713,95.94324324324333,-2064.3699099099094,17,60874.74736842105,-0.7342200386389847,-1.3951272496277003,-449.6479166666667,187.5260949318306,-624.2502083333334,116.56508396878993,0.9996436208125445,1.0,1.0,0.9566999287241625,0.0,0.4281895937277263,0.9996436208125445,0,0.9664031620553359,delayed_broad_response,0
train,events_in_sec__entity__coffee_maker_local_control,coffee_maker_local_control,92,router__ip_dst_unique,router,3.3677192982456146,3.924561403508772,3.5995789473684208,3.4574736842105263,0.3833333333333335,0.01666666666666705,0.5300000000000002,0.5162162162162163,0.19324324324324324,0.42036036036036045,0,6.073684210526316,3.794543812086817,6.073938711059108,-0.061458333333333316,0.11721874583444401,-0.07145833333333336,0.09902278602815501,0.9996436208125445,1.0,1.0,0.9566999287241625,0.0,0.4281895937277263,0.9996436208125445,0,0.8527667984189723,event_locked_positive,1
train,events_in_sec__entity__coffee_maker_local_control,coffee_maker_local_control,92,router__dst_port_unique,router,3.2045614035087717,3.350877192982456,3.2850526315789477,3.1913684210526316,0.16666666666666652,0.12666666666666648,0.20999999999999996,0.20900900900900904,0.09045045045045041,0.17630630630630637,-5,5.2,2.754069573233854,2.954713648706514,-0.14375000000000002,0.1127119916226998,-0.1635416666666667,0.1264222903055909,0.9996436208125445,1.0,1.0,0.9566999287241625,0.0,0.4281895937277263,0.9996436208125445,0,0.8478260869565217,weak_or_unclear,0
train,events_in_sec__entity__coffee_maker_local_control,coffee_maker_local_control,92,router__tcp_syn,router,0.4231578947368421,0.21403508771929824,0.3048421052631579,0.3353684210526316,-0.1,-0.026666666666666672,-0.12,-0.04684684684684684,-0.0334234234234234,-0.049009009009009015,-3,2.3263157894736843,-1.31278492348105,-1.1793237883215733,-0.08125000000000002,0.014282613750835511,-0.10625000000000001,0.011659223816361017,0.9996436208125445,1.0,1.0,0.9566999287241625,0.0,0.4281895937277263,0.9996436208125445,0,0.08201581027667984,delayed_broad_response,0
train,events_in_sec__entity__coffee_maker_local_control,coffee_maker_local_control,92,router__dns_pkt,router,1.5094736842105263,1.0350877192982457,0.9178947368421053,1.1073684210526316,-0.26666666666666666,-0.12,-0.30000000000000004,-0.12342342342342347,-0.09999999999999995,-0.10684684684684682,-15,9.031578947368422,-0.31799936400190826,-0.2723740350329805,-0.24166666666666664,0.07861650943380503,-0.2725,0.10096410253154335,0.9996436208125445,1.0,1.0,0.9566999287241625,0.0,0.4281895937277263,0.9996436208125445,0,0.1689723320158103,delayed_broad_response,0
train,events_in_sec__entity__coffee_maker_local_control,coffee_maker_local_control,92,router__arp_pkt,router,2.4628070175438594,2.694736842105263,2.369263157894737,2.4195789473684215,0.2999999999999998,-0.09666666666666668,0.2566666666666668,0.22072072072072071,-0.09,0.2624324324324324,2,3.136842105263158,3.0121573172254554,2.498976245356293,-0.061458333333333365,0.11999981915495637,-0.07291666666666669,0.13188734144463346,0.9996436208125445,1.0,1.0,0.9566999287241625,0.0,0.4281895937277263,0.9996436208125445,0,0.7045454545454545,event_locked_positive,1
train,events_in_sec__entity__coffee_maker_local_control,coffee_maker_local_control,92,ota24__pkt_total,ota24,24.442105263157895,23.989473684210523,24.16210526315789,24.257052631578944,-0.06666666666666643,-0.33333333333333215,-0.16000000000000014,-0.604954954954955,-0.3409909909909911,-0.4127027027027026,-13,28.105263157894736,0.41996647397305226,0.20909396120588933,-0.23750000000000004,0.40677850238182434,-0.24645833333333345,0.4134903410634612,0.9996436208125445,1.0,1.0,0.9566999287241625,0.0,0.4281895937277263,1.0,0,1.0,weak_or_unclear,0
train,events_in_sec__entity__coffee_maker_local_control,coffee_maker_local_control,92,ota24__bytes_total,ota24,6821.6094736842115,6613.928070175439,6703.304842105264,6760.461684210527,-145.3499999999999,-225.01999999999998,-190.37333333333345,-236.672972972973,-123.20450450450448,-174.26027027027033,-24,7929.442105263158,-0.4477436052960366,-0.6645841130968142,-77.02187500000011,152.60547373942504,-87.78354166666665,154.366903518986,0.9996436208125445,1.0,1.0,0.9566999287241625,0.0,0.4281895937277263,1.0,0,1.0,weak_or_unclear,0
train,events_in_sec__entity__coffee_maker_local_control,coffee_maker_local_control,92,ota5__pkt_total,ota5,33.16842105263159,32.73508771929824,33.258105263157894,33.2,-0.6833333333333336,0.2699999999999996,-0.8133333333333326,-0.7346846846846848,0.2413513513513512,-0.8087387387387389,-23,36.82105263157895,-1.8888130093905018,-1.846557193872368,-0.022916666666666252,0.3496463987611861,-0.03229166666666694,0.4229718252207304,0.9996436208125445,1.0,1.0,0.9566999287241625,0.0,0.4281895937277263,1.0,0,1.0,delayed_broad_response,0
train,events_in_sec__entity__coffee_maker_local_control,coffee_maker_local_control,92,ota5__bytes_total,ota5,15309.531929824561,15174.919298245613,15405.624421052633,15345.702105263159,-288.5499999999993,159.6766666666672,-221.78999999999996,-173.7351351351351,136.48180180180213,-236.8570270270273,-23,16350.315789473685,-1.0202104590305656,-0.8379379120697992,17.148958333333326,299.64303504966693,19.954999999999984,288.49989541929557,0.9996436208125445,1.0,1.0,0.9566999287241625,0.0,0.4281895937277263,1.0,0,1.0,delayed_broad_response,0
train,events_in_sec__entity__coffee_maker_local_control,coffee_maker_local_control,92,zigbee__pkt_total,zigbee,8.123859649122808,7.687719298245614,7.287578947368422,7.738315789473686,-0.9833333333333334,-0.6466666666666674,-0.4466666666666659,-0.6914414414414414,-0.8407207207207206,-0.38135135135135123,-19,9.547368421052632,-1.1641801559561187,0.4527991051139803,-0.4864583333333333,0.4268024991303225,-0.5947916666666666,0.327131830268777,0.9996436208125445,1.0,1.0,0.9566999287241625,0.0,0.4281895937277263,0.9566999287241625,0,0.9683794466403163,delayed_broad_response,0
train,events_in_sec__entity__coffee_maker_local_control,coffee_maker_local_control,92,zigbee__bytes_total,zigbee,232.89052631578951,221.6578947368421,207.96673684210526,222.7103157894737,-19.55000000000001,-14.916666666666671,-19.30666666666665,-16.91981981981982,-24.648468468468476,-7.646576576576575,-19,284.6842105263158,-1.0079646768808648,-0.8454790661906713,-7.982291666666666,11.476303285874549,-10.676874999999999,10.206984432563672,0.9996436208125445,1.0,1.0,0.9566999287241625,0.0,0.4281895937277263,0.9566999287241625,0,0.9683794466403163,delayed_broad_response,0
train,events_in_sec__entity__door_window_sensor_pid_007,door_window_sensor_pid_007,51,router__pkt_total,router,17.080392156862743,18.95424836601307,15.848627450980393,15.134509803921567,-0.9666666666666668,0.006666666666666821,-2.5266666666666655,-2.365040650406504,-0.7533333333333335,-2.9226016260162604,9,74.2156862745098,0.06102910356237795,-1.5020232922981858,-1.0270833333333333,0.9899648387414799,-1.5224999999999997,0.6685426729503179,1.0,1.0,1.0,0.9138540662166507,0.0,0.27450980392156865,1.0,0,0.9358288770053476,delayed_broad_response,0
train,events_in_sec__entity__door_window_sensor_pid_007,door_window_sensor_pid_007,51,router__bytes_total,router,6613.540522875817,6478.176470588235,4478.2172549019615,5200.693725490197,-282.33333333333337,68.94666666666672,-738.0466666666669,-2284.728455284553,-926.7341463414632,-2109.7552845528453,9,22574.176470588234,0.8497104455124647,-1.7307365001303165,-402.26458333333335,141.14366915622514,-468.18416666666667,155.9235042305289,1.0,1.0,1.0,0.9138540662166507,0.0,0.27450980392156865,1.0,0,0.9358288770053476,delayed_broad_response,0
train,events_in_sec__entity__door_window_sensor_pid_007,door_window_sensor_pid_007,51,router__ip_dst_unique,router,2.4967320261437904,2.9901960784313726,2.60156862745098,2.503921568627451,0.1333333333333333,0.11333333333333329,-0.046666666666666634,0.2138211382113821,0.06813008130081298,0.17739837398373984,-1,3.5098039215686274,1.318254092243943,0.5176998032076534,-0.12499999999999992,0.19596626693841404,-0.14125000000000007,0.18269918734235122,1.0,1.0,1.0,0.9138540662166507,0.0,0.27450980392156865,1.0,0,0.7860962566844919,weak_or_unclear,0
train,events_in_sec__entity__door_window_sensor_pid_007,door_window_sensor_pid_007,51,router__dst_port_unique,router,2.4307189542483667,2.8137254901960786,2.6752941176470584,2.4862745098039216,-0.06666666666666643,0.006666666666666821,-0.16000000000000014,0.09349593495934962,0.12406504065040651,-0.010569105691056927,9,5.294117647058823,0.2217663812863733,-0.3797519246574666,-0.10416666666666667,0.16909686573085853,-0.09833333333333329,0.1623867126474467,1.0,1.0,1.0,0.9138540662166507,0.0,0.27450980392156865,1.0,0,0.7611408199643495,delayed_broad_response,0
train,events_in_sec__entity__door_window_sensor_pid_007,door_window_sensor_pid_007,51,router__tcp_syn,router,0.33464052287581697,0.3790849673202614,0.34431372549019607,0.2619607843137255,-0.1,0.01999999999999999,-0.06,0.0032520325203251998,0.039186991869918704,-0.018536585365853665,-1,4.372549019607843,-0.4999999999999998,1.5689290811054724,-0.08333333333333334,0.03333333333333334,-0.1,0.025495097567963927,1.0,1.0,1.0,0.9138540662166507,0.0,0.27450980392156865,1.0,0,0.07486631016042779,delayed_broad_response,0
train,events_in_sec__entity__door_window_sensor_pid_007,door_window_sensor_pid_007,51,router__dns_pkt,router,1.1117647058823528,0.7941176470588235,1.3505882352941176,0.9749019607843137,-0.13333333333333333,0.12,-0.24,0.06504065040650407,0.09934959349593497,-0.022764227642276435,-1,16.294117647058822,1.3779266063836775,0.38640472637390105,-0.28125,0.10734727523323542,-0.27875,0.10028345244023729,1.0,1.0,1.0,0.9138540662166507,0.0,0.27450980392156865,1.0,0,0.12477718360071301,delayed_broad_response,0
train,events_in_sec__entity__door_window_sensor_pid_007,door_window_sensor_pid_007,51,router__arp_pkt,router,2.4405228758169932,2.3986928104575167,2.415686274509804,2.441960784313726,0.06666666666666687,0.0,0.08666666666666645,0.027642276422764206,-0.015284552845528418,0.010243902439024297,22,3.1372549019607843,0.8444407432001214,0.7952580711673964,-0.0416666666666666,0.12829003598617209,-0.019166666666666624,0.1330804894290169,1.0,1.0,1.0,0.9138540662166507,0.0,0.27450980392156865,1.0,0,0.6987522281639929,weak_or_unclear,0
train,events_in_sec__entity__door_window_sensor_pid_007,door_window_sensor_pid_007,51,ota24__pkt_total,ota24,25.98104575163399,29.039215686274506,24.431372549019606,24.755686274509802,-0.6999999999999993,0.4866666666666646,-1.0133333333333319,-0.7317073170731705,0.29414634146341484,-0.8061788617886175,-6,41.705882352941174,-0.9816935019373091,-1.4742393909776508,-0.15416666666666723,0.5560119652989095,-0.18999999999999995,0.5584800802177273,1.0,1.0,1.0,0.9138540662166507,0.0,0.27450980392156865,1.0,0,1.0,delayed_broad_response,0
train,events_in_sec__entity__door_window_sensor_pid_007,door_window_sensor_pid_007,51,ota24__bytes_total,ota24,8068.9686274509795,9822.892156862747,6751.353725490197,7114.336470588236,-269.16666666666697,-22.886666666666315,-416.3866666666663,-304.91382113821146,-0.5710569105691631,-336.78276422764236,-6,18373.352941176472,-1.0062413115111375,-1.8276332873370478,-119.29166666666669,148.94538545125258,-139.41458333333333,151.54685858063738,1.0,1.0,1.0,0.9138540662166507,0.0,0.27450980392156865,1.0,0,1.0,delayed_broad_response,0
train,events_in_sec__entity__door_window_sensor_pid_007,door_window_sensor_pid_007,51,ota5__pkt_total,ota5,27.247712418300654,28.66993464052288,27.868235294117653,27.447843137254907,0.533333333333335,-0.060000000000002274,0.25333333333333385,0.6170731707317072,0.24276422764227643,0.611219512195122,3,30.862745098039216,1.7094209865850103,1.1342860146951534,-0.25208333333333366,0.4594635685593939,-0.32333333333333425,0.5083961709795487,1.0,1.0,1.0,0.9138540662166507,0.0,0.27450980392156865,1.0,0,1.0,weak_or_unclear,0
train,events_in_sec__entity__door_window_sensor_pid_007,door_window_sensor_pid_007,51,ota5__bytes_total,ota5,15890.997385620914,16320.366013071894,15988.490196078432,15868.543921568627,251.9333333333343,77.1133333333346,540.0999999999985,397.04065040650426,47.717235772357746,475.59772357723597,-1,17459.823529411766,0.4454927246340033,0.9516045230603241,102.38541666666629,335.6910413958608,162.03291666666678,397.2943320167104,1.0,1.0,1.0,0.9138540662166507,0.0,0.27450980392156865,1.0,0,1.0,weak_or_unclear,0
train,events_in_sec__entity__door_window_sensor_pid_007,door_window_sensor_pid_007,51,zigbee__pkt_total,zigbee,5.9790849673202615,6.209150326797386,6.274509803921569,6.085098039215686,-0.09999999999999964,0.3200000000000003,-0.13333333333333375,0.06422764227642289,0.34650406504065034,-0.12569105691056903,24,8.588235294117647,0.3123060624868713,0.4410375207095835,-0.2729166666666667,0.5536769452688294,-0.39999999999999997,0.6046348760477959,1.0,1.0,1.0,0.9138540662166507,0.0,0.27450980392156865,0.9138540662166507,0,0.9162210338680927,delayed_broad_response,0
train,events_in_sec__entity__door_window_sensor_pid_007,door_window_sensor_pid_007,51,zigbee__bytes_total,zigbee,189.0137254901961,197.82679738562092,195.98823529411766,190.61607843137256,-8.033333333333331,10.066666666666663,-7.033333333333331,4.172357723577238,8.387642276422769,2.2060162601626008,24,256.7647058823529,0.03471608658029938,0.2500944261590916,-8.614583333333336,16.742958589400768,-11.14166666666667,16.427128730649596,1.0,1.0,1.0,0.9138540662166507,0.0,0.27450980392156865,0.9138540662166507,0,0.9162210338680927,delayed_broad_response,0
