column,owner_role,q6_release_status,q6_keep,q6_reason
window_start,excluded,keep_alignment,True,alignment column
net_conn_state_nan,protocol,keep_warning,True,windowed aggregate public-source transfer feature; warning-governed
net_conn_state_oth,protocol,keep_warning,True,windowed aggregate public-source transfer feature; warning-governed
net_conn_state_rej,protocol,keep_warning,True,windowed aggregate public-source transfer feature; warning-governed
net_conn_state_rsto,protocol,keep_warning,True,windowed aggregate public-source transfer feature; warning-governed
net_conn_state_rstos0,protocol,keep_warning,True,windowed aggregate public-source transfer feature; warning-governed
net_conn_state_rstr,protocol,keep_warning,True,windowed aggregate public-source transfer feature; warning-governed
net_conn_state_rstrh,protocol,keep_warning,True,windowed aggregate public-source transfer feature; warning-governed
net_conn_state_s0,protocol,keep_warning,True,windowed aggregate public-source transfer feature; warning-governed
net_conn_state_s1,protocol,keep_warning,True,windowed aggregate public-source transfer feature; warning-governed
net_conn_state_s2,protocol,keep_warning,True,windowed aggregate public-source transfer feature; warning-governed
net_conn_state_s3,protocol,keep_warning,True,windowed aggregate public-source transfer feature; warning-governed
net_conn_state_sf,protocol,keep_warning,True,windowed aggregate public-source transfer feature; warning-governed
net_conn_state_sh,protocol,keep_warning,True,windowed aggregate public-source transfer feature; warning-governed
net_conn_state_shr,protocol,keep_warning,True,windowed aggregate public-source transfer feature; warning-governed
net_count_dns_rejected,protocol,keep_warning,True,windowed aggregate public-source transfer feature; warning-governed
net_count_ssl_established,protocol,keep_warning,True,windowed aggregate public-source transfer feature; warning-governed
net_count_ssl_resumed,protocol,keep_warning,True,windowed aggregate public-source transfer feature; warning-governed
net_count_weird_notice,protocol,keep_warning,True,windowed aggregate public-source transfer feature; warning-governed
net_flow_count,protocol,keep_warning,True,windowed aggregate public-source transfer feature; warning-governed
net_label_attack_count,protocol,keep_warning,True,windowed aggregate public-source transfer feature; warning-governed
net_label_attack_rate,protocol,keep_warning,True,windowed aggregate public-source transfer feature; warning-governed
net_label_observed_count,protocol,keep_warning,True,windowed aggregate public-source transfer feature; warning-governed
net_proto_icmp,protocol,keep_warning,True,windowed aggregate public-source transfer feature; warning-governed
net_proto_nan,protocol,keep_warning,True,windowed aggregate public-source transfer feature; warning-governed
net_proto_tcp,protocol,keep_warning,True,windowed aggregate public-source transfer feature; warning-governed
net_proto_udp,protocol,keep_warning,True,windowed aggregate public-source transfer feature; warning-governed
net_service_-,protocol,keep_warning,True,windowed aggregate public-source transfer feature; warning-governed
net_service_dce_rpc,protocol,keep_warning,True,windowed aggregate public-source transfer feature; warning-governed
net_service_dce_rpc_gssapi_smb_ntlm,protocol,keep_warning,True,windowed aggregate public-source transfer feature; warning-governed
net_service_dce_rpc_ntlm,protocol,keep_warning,True,windowed aggregate public-source transfer feature; warning-governed
net_service_dhcp,protocol,keep_warning,True,windowed aggregate public-source transfer feature; warning-governed
net_service_dns,protocol,keep_warning,True,windowed aggregate public-source transfer feature; warning-governed
net_service_ftp,protocol,keep_warning,True,windowed aggregate public-source transfer feature; warning-governed
net_service_ftp-data,protocol,keep_warning,True,windowed aggregate public-source transfer feature; warning-governed
net_service_gssapi,protocol,keep_warning,True,windowed aggregate public-source transfer feature; warning-governed
net_service_gssapi_dce_rpc_smb,protocol,keep_warning,True,windowed aggregate public-source transfer feature; warning-governed
net_service_gssapi_dce_rpc_smb_ntlm,protocol,keep_warning,True,windowed aggregate public-source transfer feature; warning-governed
net_service_gssapi_ntlm,protocol,keep_warning,True,windowed aggregate public-source transfer feature; warning-governed
net_service_gssapi_ntlm_smb,protocol,keep_warning,True,windowed aggregate public-source transfer feature; warning-governed
net_service_gssapi_smb,protocol,keep_warning,True,windowed aggregate public-source transfer feature; warning-governed
net_service_gssapi_smb_ntlm,protocol,keep_warning,True,windowed aggregate public-source transfer feature; warning-governed
net_service_http,protocol,keep_warning,True,windowed aggregate public-source transfer feature; warning-governed
net_service_imap,protocol,keep_warning,True,windowed aggregate public-source transfer feature; warning-governed
net_service_imap_ssl,protocol,keep_warning,True,windowed aggregate public-source transfer feature; warning-governed
net_service_irc,protocol,keep_warning,True,windowed aggregate public-source transfer feature; warning-governed
net_service_krb_tcp,protocol,keep_warning,True,windowed aggregate public-source transfer feature; warning-governed
net_service_nan,protocol,keep_warning,True,windowed aggregate public-source transfer feature; warning-governed
net_service_ntlm_dce_rpc,protocol,keep_warning,True,windowed aggregate public-source transfer feature; warning-governed
net_service_ntlm_gssapi_smb,protocol,keep_warning,True,windowed aggregate public-source transfer feature; warning-governed
net_service_ntlm_smb_dce_rpc_gssapi,protocol,keep_warning,True,windowed aggregate public-source transfer feature; warning-governed
net_service_ntlm_smb_gssapi,protocol,keep_warning,True,windowed aggregate public-source transfer feature; warning-governed
net_service_pop3,protocol,keep_warning,True,windowed aggregate public-source transfer feature; warning-governed
net_service_pop3_ssl,protocol,keep_warning,True,windowed aggregate public-source transfer feature; warning-governed
net_service_radius,protocol,keep_warning,True,windowed aggregate public-source transfer feature; warning-governed
net_service_rfb,protocol,keep_warning,True,windowed aggregate public-source transfer feature; warning-governed
net_service_smb,protocol,keep_warning,True,windowed aggregate public-source transfer feature; warning-governed
net_service_smb_dce_rpc_gssapi_ntlm,protocol,keep_warning,True,windowed aggregate public-source transfer feature; warning-governed
net_service_smb_gssapi,protocol,keep_warning,True,windowed aggregate public-source transfer feature; warning-governed
net_service_smb_gssapi_ntlm,protocol,keep_warning,True,windowed aggregate public-source transfer feature; warning-governed
net_service_smb_ntlm_gssapi,protocol,keep_warning,True,windowed aggregate public-source transfer feature; warning-governed
net_service_smtp,protocol,keep_warning,True,windowed aggregate public-source transfer feature; warning-governed
net_service_smtp_ssl,protocol,keep_warning,True,windowed aggregate public-source transfer feature; warning-governed
net_service_socks,protocol,keep_warning,True,windowed aggregate public-source transfer feature; warning-governed
net_service_ssh,protocol,keep_warning,True,windowed aggregate public-source transfer feature; warning-governed
net_service_ssl,protocol,keep_warning,True,windowed aggregate public-source transfer feature; warning-governed
net_service_ssl_imap,protocol,keep_warning,True,windowed aggregate public-source transfer feature; warning-governed
net_service_ssl_smtp,protocol,keep_warning,True,windowed aggregate public-source transfer feature; warning-governed
net_sum_dns_qclass,protocol,keep_warning,True,windowed aggregate public-source transfer feature; warning-governed
net_sum_dns_qtype,protocol,keep_warning,True,windowed aggregate public-source transfer feature; warning-governed
net_sum_dns_rcode,protocol,keep_warning,True,windowed aggregate public-source transfer feature; warning-governed
net_sum_dst_bytes,protocol,keep_warning,True,windowed aggregate public-source transfer feature; warning-governed
net_sum_dst_ip_bytes,protocol,keep_warning,True,aggregate IP-byte count protocol feature; not a raw IP identifier; warning-governed
net_sum_dst_pkts,protocol,keep_warning,True,windowed aggregate public-source transfer feature; warning-governed
net_sum_duration,protocol,keep_warning,True,windowed aggregate public-source transfer feature; warning-governed
net_sum_http_request_body_len,protocol,keep_warning,True,windowed aggregate public-source transfer feature; warning-governed
net_sum_http_response_body_len,protocol,keep_warning,True,windowed aggregate public-source transfer feature; warning-governed
net_sum_http_status_code,protocol,keep_warning,True,windowed aggregate public-source transfer feature; warning-governed
net_sum_http_trans_depth,protocol,keep_warning,True,windowed aggregate public-source transfer feature; warning-governed
net_sum_missed_bytes,protocol,keep_warning,True,windowed aggregate public-source transfer feature; warning-governed
net_sum_src_bytes,protocol,keep_warning,True,windowed aggregate public-source transfer feature; warning-governed
net_sum_src_ip_bytes,protocol,keep_warning,True,aggregate IP-byte count protocol feature; not a raw IP identifier; warning-governed
net_sum_src_pkts,protocol,keep_warning,True,windowed aggregate public-source transfer feature; warning-governed
net_type_backdoor,protocol,keep_warning,True,windowed aggregate public-source transfer feature; warning-governed
net_type_ddos,protocol,keep_warning,True,windowed aggregate public-source transfer feature; warning-governed
net_type_dos,protocol,keep_warning,True,windowed aggregate public-source transfer feature; warning-governed
net_type_injection,protocol,keep_warning,True,windowed aggregate public-source transfer feature; warning-governed
net_type_mitm,protocol,keep_warning,True,windowed aggregate public-source transfer feature; warning-governed
net_type_nan,protocol,keep_warning,True,windowed aggregate public-source transfer feature; warning-governed
net_type_normal,protocol,keep_warning,True,windowed aggregate public-source transfer feature; warning-governed
net_type_password,protocol,keep_warning,True,windowed aggregate public-source transfer feature; warning-governed
net_type_ransomware,protocol,keep_warning,True,windowed aggregate public-source transfer feature; warning-governed
net_type_scanning,protocol,keep_warning,True,windowed aggregate public-source transfer feature; warning-governed
net_type_xss,protocol,keep_warning,True,windowed aggregate public-source transfer feature; warning-governed
driver_iot_fridge_attack_count,iot_driver,keep_warning_public_source_label_driver,True,public-source attack/type event driver aggregate; warning-governed
driver_iot_fridge_label_observed_count,iot_driver,keep_warning_public_source_label_driver,True,public-source attack/type event driver aggregate; warning-governed
driver_iot_fridge_type_backdoor,iot_driver,keep_warning_public_source_label_driver,True,public-source attack/type event driver aggregate; warning-governed
driver_iot_fridge_type_ddos,iot_driver,keep_warning_public_source_label_driver,True,public-source attack/type event driver aggregate; warning-governed
driver_iot_fridge_type_injection,iot_driver,keep_warning_public_source_label_driver,True,public-source attack/type event driver aggregate; warning-governed
driver_iot_fridge_type_normal,iot_driver,keep_warning_public_source_label_driver,True,public-source attack/type event driver aggregate; warning-governed
driver_iot_fridge_type_password,iot_driver,keep_warning_public_source_label_driver,True,public-source attack/type event driver aggregate; warning-governed
driver_iot_fridge_type_ransomware,iot_driver,keep_warning_public_source_label_driver,True,public-source attack/type event driver aggregate; warning-governed
driver_iot_fridge_type_xss,iot_driver,keep_warning_public_source_label_driver,True,public-source attack/type event driver aggregate; warning-governed
iot_cat_iot_fridge_temp_condition_high,iot_binary,keep_warning,True,windowed aggregate public-source transfer feature; warning-governed
iot_cat_iot_fridge_temp_condition_low,iot_binary,keep_warning,True,windowed aggregate public-source transfer feature; warning-governed
obs_iot_fridge_record_count,iot_observability,keep_warning,True,windowed aggregate public-source transfer feature; warning-governed
iot_cont_iot_fridge_fridge_temperature_mean,iot_continuous,keep_warning,True,windowed aggregate public-source transfer feature; warning-governed
driver_iot_gps_tracker_attack_count,iot_driver,keep_warning_public_source_label_driver,True,public-source attack/type event driver aggregate; warning-governed
driver_iot_gps_tracker_label_observed_count,iot_driver,keep_warning_public_source_label_driver,True,public-source attack/type event driver aggregate; warning-governed
driver_iot_gps_tracker_type_backdoor,iot_driver,keep_warning_public_source_label_driver,True,public-source attack/type event driver aggregate; warning-governed
driver_iot_gps_tracker_type_ddos,iot_driver,keep_warning_public_source_label_driver,True,public-source attack/type event driver aggregate; warning-governed
driver_iot_gps_tracker_type_injection,iot_driver,keep_warning_public_source_label_driver,True,public-source attack/type event driver aggregate; warning-governed
driver_iot_gps_tracker_type_normal,iot_driver,keep_warning_public_source_label_driver,True,public-source attack/type event driver aggregate; warning-governed
driver_iot_gps_tracker_type_password,iot_driver,keep_warning_public_source_label_driver,True,public-source attack/type event driver aggregate; warning-governed
driver_iot_gps_tracker_type_ransomware,iot_driver,keep_warning_public_source_label_driver,True,public-source attack/type event driver aggregate; warning-governed
driver_iot_gps_tracker_type_scanning,iot_driver,keep_warning_public_source_label_driver,True,public-source attack/type event driver aggregate; warning-governed
driver_iot_gps_tracker_type_xss,iot_driver,keep_warning_public_source_label_driver,True,public-source attack/type event driver aggregate; warning-governed
obs_iot_gps_tracker_record_count,iot_observability,keep_warning,True,windowed aggregate public-source transfer feature; warning-governed
iot_cont_iot_gps_tracker_latitude_mean,iot_continuous,keep_warning,True,windowed aggregate public-source transfer feature; warning-governed
iot_cont_iot_gps_tracker_longitude_mean,iot_continuous,keep_warning,True,windowed aggregate public-source transfer feature; warning-governed
driver_iot_garage_door_attack_count,iot_driver,keep_warning_public_source_label_driver,True,public-source attack/type event driver aggregate; warning-governed
driver_iot_garage_door_label_observed_count,iot_driver,keep_warning_public_source_label_driver,True,public-source attack/type event driver aggregate; warning-governed
driver_iot_garage_door_type_backdoor,iot_driver,keep_warning_public_source_label_driver,True,public-source attack/type event driver aggregate; warning-governed
driver_iot_garage_door_type_ddos,iot_driver,keep_warning_public_source_label_driver,True,public-source attack/type event driver aggregate; warning-governed
driver_iot_garage_door_type_injection,iot_driver,keep_warning_public_source_label_driver,True,public-source attack/type event driver aggregate; warning-governed
driver_iot_garage_door_type_normal,iot_driver,keep_warning_public_source_label_driver,True,public-source attack/type event driver aggregate; warning-governed
driver_iot_garage_door_type_password,iot_driver,keep_warning_public_source_label_driver,True,public-source attack/type event driver aggregate; warning-governed
driver_iot_garage_door_type_ransomware,iot_driver,keep_warning_public_source_label_driver,True,public-source attack/type event driver aggregate; warning-governed
driver_iot_garage_door_type_scanning,iot_driver,keep_warning_public_source_label_driver,True,public-source attack/type event driver aggregate; warning-governed
driver_iot_garage_door_type_xss,iot_driver,keep_warning_public_source_label_driver,True,public-source attack/type event driver aggregate; warning-governed
obs_iot_garage_door_record_count,iot_observability,keep_warning,True,windowed aggregate public-source transfer feature; warning-governed
iot_binary_iot_garage_door_door_state_active_rate,iot_binary,keep_warning,True,windowed aggregate public-source transfer feature; warning-governed
iot_binary_iot_garage_door_sphone_signal_active_rate,iot_binary,keep_warning,True,windowed aggregate public-source transfer feature; warning-governed
obs_iot_modbus_record_count,iot_observability,keep_warning,True,windowed aggregate public-source transfer feature; warning-governed
driver_iot_modbus_attack_count,iot_driver,keep_warning_public_source_label_driver,True,public-source attack/type event driver aggregate; warning-governed
driver_iot_modbus_label_observed_count,iot_driver,keep_warning_public_source_label_driver,True,public-source attack/type event driver aggregate; warning-governed
driver_iot_modbus_type_backdoor,iot_driver,keep_warning_public_source_label_driver,True,public-source attack/type event driver aggregate; warning-governed
driver_iot_modbus_type_injection,iot_driver,keep_warning_public_source_label_driver,True,public-source attack/type event driver aggregate; warning-governed
driver_iot_modbus_type_normal,iot_driver,keep_warning_public_source_label_driver,True,public-source attack/type event driver aggregate; warning-governed
driver_iot_modbus_type_password,iot_driver,keep_warning_public_source_label_driver,True,public-source attack/type event driver aggregate; warning-governed
driver_iot_modbus_type_scanning,iot_driver,keep_warning_public_source_label_driver,True,public-source attack/type event driver aggregate; warning-governed
driver_iot_modbus_type_xss,iot_driver,keep_warning_public_source_label_driver,True,public-source attack/type event driver aggregate; warning-governed
iot_cont_iot_modbus_fc1_read_input_register_mean,iot_continuous,keep_warning,True,windowed aggregate public-source transfer feature; warning-governed
iot_cont_iot_modbus_fc2_read_discrete_value_mean,iot_continuous,keep_warning,True,windowed aggregate public-source transfer feature; warning-governed
iot_cont_iot_modbus_fc3_read_holding_register_mean,iot_continuous,keep_warning,True,windowed aggregate public-source transfer feature; warning-governed
iot_cont_iot_modbus_fc4_read_coil_mean,iot_continuous,keep_warning,True,windowed aggregate public-source transfer feature; warning-governed
obs_iot_motion_light_record_count,iot_observability,keep_warning,True,windowed aggregate public-source transfer feature; warning-governed
driver_iot_motion_light_attack_count,iot_driver,keep_warning_public_source_label_driver,True,public-source attack/type event driver aggregate; warning-governed
driver_iot_motion_light_label_observed_count,iot_driver,keep_warning_public_source_label_driver,True,public-source attack/type event driver aggregate; warning-governed
driver_iot_motion_light_type_backdoor,iot_driver,keep_warning_public_source_label_driver,True,public-source attack/type event driver aggregate; warning-governed
driver_iot_motion_light_type_ddos,iot_driver,keep_warning_public_source_label_driver,True,public-source attack/type event driver aggregate; warning-governed
driver_iot_motion_light_type_injection,iot_driver,keep_warning_public_source_label_driver,True,public-source attack/type event driver aggregate; warning-governed
driver_iot_motion_light_type_normal,iot_driver,keep_warning_public_source_label_driver,True,public-source attack/type event driver aggregate; warning-governed
driver_iot_motion_light_type_password,iot_driver,keep_warning_public_source_label_driver,True,public-source attack/type event driver aggregate; warning-governed
driver_iot_motion_light_type_ransomware,iot_driver,keep_warning_public_source_label_driver,True,public-source attack/type event driver aggregate; warning-governed
driver_iot_motion_light_type_scanning,iot_driver,keep_warning_public_source_label_driver,True,public-source attack/type event driver aggregate; warning-governed
driver_iot_motion_light_type_xss,iot_driver,keep_warning_public_source_label_driver,True,public-source attack/type event driver aggregate; warning-governed
iot_binary_iot_motion_light_motion_status_active_rate,iot_binary,keep_warning,True,windowed aggregate public-source transfer feature; warning-governed
iot_binary_iot_motion_light_light_status_active_rate,iot_binary,keep_warning,True,windowed aggregate public-source transfer feature; warning-governed
obs_iot_thermostat_record_count,iot_observability,keep_warning,True,windowed aggregate public-source transfer feature; warning-governed
driver_iot_thermostat_attack_count,iot_driver,keep_warning_public_source_label_driver,True,public-source attack/type event driver aggregate; warning-governed
driver_iot_thermostat_label_observed_count,iot_driver,keep_warning_public_source_label_driver,True,public-source attack/type event driver aggregate; warning-governed
driver_iot_thermostat_type_backdoor,iot_driver,keep_warning_public_source_label_driver,True,public-source attack/type event driver aggregate; warning-governed
driver_iot_thermostat_type_injection,iot_driver,keep_warning_public_source_label_driver,True,public-source attack/type event driver aggregate; warning-governed
driver_iot_thermostat_type_normal,iot_driver,keep_warning_public_source_label_driver,True,public-source attack/type event driver aggregate; warning-governed
driver_iot_thermostat_type_password,iot_driver,keep_warning_public_source_label_driver,True,public-source attack/type event driver aggregate; warning-governed
driver_iot_thermostat_type_ransomware,iot_driver,keep_warning_public_source_label_driver,True,public-source attack/type event driver aggregate; warning-governed
driver_iot_thermostat_type_scanning,iot_driver,keep_warning_public_source_label_driver,True,public-source attack/type event driver aggregate; warning-governed
driver_iot_thermostat_type_xss,iot_driver,keep_warning_public_source_label_driver,True,public-source attack/type event driver aggregate; warning-governed
iot_cont_iot_thermostat_current_temperature_mean,iot_continuous,keep_warning,True,windowed aggregate public-source transfer feature; warning-governed
iot_binary_iot_thermostat_thermostat_status_active_rate,iot_binary,keep_warning,True,windowed aggregate public-source transfer feature; warning-governed
driver_iot_weather_attack_count,iot_driver,keep_warning_public_source_label_driver,True,public-source attack/type event driver aggregate; warning-governed
driver_iot_weather_label_observed_count,iot_driver,keep_warning_public_source_label_driver,True,public-source attack/type event driver aggregate; warning-governed
driver_iot_weather_type_backdoor,iot_driver,keep_warning_public_source_label_driver,True,public-source attack/type event driver aggregate; warning-governed
driver_iot_weather_type_ddos,iot_driver,keep_warning_public_source_label_driver,True,public-source attack/type event driver aggregate; warning-governed
driver_iot_weather_type_injection,iot_driver,keep_warning_public_source_label_driver,True,public-source attack/type event driver aggregate; warning-governed
driver_iot_weather_type_normal,iot_driver,keep_warning_public_source_label_driver,True,public-source attack/type event driver aggregate; warning-governed
driver_iot_weather_type_password,iot_driver,keep_warning_public_source_label_driver,True,public-source attack/type event driver aggregate; warning-governed
driver_iot_weather_type_ransomware,iot_driver,keep_warning_public_source_label_driver,True,public-source attack/type event driver aggregate; warning-governed
driver_iot_weather_type_scanning,iot_driver,keep_warning_public_source_label_driver,True,public-source attack/type event driver aggregate; warning-governed
driver_iot_weather_type_xss,iot_driver,keep_warning_public_source_label_driver,True,public-source attack/type event driver aggregate; warning-governed
obs_iot_weather_record_count,iot_observability,keep_warning,True,windowed aggregate public-source transfer feature; warning-governed
iot_cont_iot_weather_humidity_mean,iot_continuous,keep_warning,True,windowed aggregate public-source transfer feature; warning-governed
iot_cont_iot_weather_pressure_mean,iot_continuous,keep_warning,True,windowed aggregate public-source transfer feature; warning-governed
iot_cont_iot_weather_temperature_mean,iot_continuous,keep_warning,True,windowed aggregate public-source transfer feature; warning-governed
split,excluded,exclude_split_control,False,split control column
