model,seed,mae,normalized_mae,r2
persistence,,12.087604386966273,0.213365552000504,-0.1908527897982375
fit_mean,,25.244190182840324,0.44560033574355423,-0.0010566090797756722
fit_median,,13.998191865694118,0.2470904770554288,-0.07108999774437796
TRTR,20260710.0,22.013731857955793,0.3885775790717003,0.21494237075300215
TSTR_reference_assisted,20260710.0,27.173410188313632,0.4796541546989525,0.052139622977973366
TRTR,20260711.0,21.89594712154134,0.3864984900729404,0.2219320018774219
TSTR_reference_assisted,20260711.0,27.868114737094952,0.4919168011905779,0.028582695294194105
TRTR,20260712.0,21.84576519818229,0.38561269885780963,0.22065135344116749
TSTR_reference_assisted,20260712.0,27.111535909098915,0.47856197470061335,0.04728523157099185
TRTR,20260713.0,22.02392565184702,0.388757515839231,0.21197336982623238
TSTR_reference_assisted,20260713.0,27.28468595216953,0.4816183499207114,0.044857834715414935
TRTR,20260714.0,21.87307562367119,0.386094771551725,0.21830345708972787
TSTR_reference_assisted,20260714.0,26.304263450041063,0.4643123245360688,0.07240030712549961
